-- phpMyAdmin SQL Dump
-- version 4.7.7
-- https://www.phpmyadmin.net/
--
-- Host: localhost:3306
-- Generation Time: Sep 12, 2018 at 11:00 AM
-- Server version: 5.6.26-74.0-log
-- PHP Version: 5.6.30

SET SQL_MODE = "NO_AUTO_VALUE_ON_ZERO";
SET AUTOCOMMIT = 0;
START TRANSACTION;
SET time_zone = "+00:00";


/*!40101 SET @OLD_CHARACTER_SET_CLIENT=@@CHARACTER_SET_CLIENT */;
/*!40101 SET @OLD_CHARACTER_SET_RESULTS=@@CHARACTER_SET_RESULTS */;
/*!40101 SET @OLD_COLLATION_CONNECTION=@@COLLATION_CONNECTION */;
/*!40101 SET NAMES utf8mb4 */;

--
-- Database: `servir5m_sptx`
--

-- --------------------------------------------------------

--
-- Table structure for table `booking`
--

CREATE TABLE `booking` (
  `booking_id` int(11) NOT NULL,
  `user_id` int(20) NOT NULL,
  `services_id` int(20) NOT NULL,
  `selected_date` varchar(50) NOT NULL,
  `comments` text NOT NULL,
  `price` varchar(200) NOT NULL,
  `total_cost` decimal(50,2) NOT NULL,
  `gst` int(50) NOT NULL,
  `service_provider` varchar(100) NOT NULL,
  `status` varchar(50) NOT NULL,
  `read_booking` int(5) NOT NULL,
  `slot_id` int(100) NOT NULL,
  `city_id` int(50) NOT NULL,
  `pincode` int(100) NOT NULL,
  `booking_date` datetime NOT NULL DEFAULT CURRENT_TIMESTAMP,
  `source` varchar(100) NOT NULL
) ENGINE=InnoDB DEFAULT CHARSET=utf8;

--
-- Dumping data for table `booking`
--

INSERT INTO `booking` (`booking_id`, `user_id`, `services_id`, `selected_date`, `comments`, `price`, `total_cost`, `gst`, `service_provider`, `status`, `read_booking`, `slot_id`, `city_id`, `pincode`, `booking_date`, `source`) VALUES
(1, 2, 1, '2018-09-09', 'TEST', '20.00', '200.00', 10, '[\"34\",\"35\"]', 'completed', 1, 4, 685, 629158, '2018-09-09 03:18:18', ''),
(2, 2, 1, '2018-09-10', '', '20.00', '0.00', 0, '', 'Pending', 1, 2, 628, 123213, '2018-09-09 03:44:10', ''),
(3, 2, 1, '2018-09-09', '', '20.00', '0.00', 0, '', 'Pending', 1, 3, 629, 0, '2018-09-09 03:55:47', ''),
(4, 9, 1, '2018-09-09', '', '20.00', '0.00', 0, '', 'Pending', 1, 3, 685, 0, '2018-09-09 04:25:50', ''),
(5, 18, 4, '2018-09-09', '', '50.00', '0.00', 0, '', 'Pending', 1, 5, 629, 620018, '2018-09-09 04:47:30', ''),
(6, 20, 1, '2018-09-09', 'Test', '20.00', '500.00', 18, '[\"37\"]', 'in-progress', 1, 6, 685, 695581, '2018-09-09 05:46:03', ''),
(7, 9, 118, '2018-09-09', 'test', '0.00', '1000.00', 18, '[\"35\"]', 'completed', 1, 6, 685, 0, '2018-09-09 12:35:38', ''),
(8, 8, 118, '2018-12-14', '', '0.00', '0.00', 0, '', 'Pending', 1, 1, 0, 0, '2018-09-09 12:47:40', ''),
(9, 8, 2, '2018-10-09', 'test', '10.00', '0.00', 10, '[\"35\"]', 'in-progress', 1, 2, 0, 0, '2018-09-09 12:49:00', ''),
(10, 9, 1, '2018-10-09', '', '20.00', '0.00', 0, '', 'Pending', 1, 1, 626, 0, '2018-09-09 12:49:05', ''),
(11, 9, 4, '2018-12-09', 'test', '45.00', '0.00', 0, '[\"35\"]', 'in-progress', 1, 1, 626, 0, '2018-09-09 12:49:52', ''),
(12, 8, 1, '2018-09-10', '', '20.00', '0.00', 0, '', 'Pending', 1, 4, 628, 0, '2018-09-10 04:09:07', ''),
(13, 24, 67, '2018-09-11', '', '0.00', '0.00', 0, '', 'Pending', 1, 3, 626, 0, '2018-09-11 02:40:01', ''),
(14, 24, 118, '2018-09-11', '', '20.00', '0.00', 0, '', 'Pending', 1, 4, 626, 0, '2018-09-11 02:48:12', ''),
(15, 4, 108, '2018-09-11', '', '', '0.00', 0, '', 'pending', 0, 2, 626, 695584, '2018-09-11 04:15:42', 'web'),
(16, 4, 40, '2018-09-18', '', '0.00', '0.00', 0, 'null', 'in-progress', 0, 4, 685, 620018, '2018-09-11 16:06:16', 'web'),
(17, 26, 1, '2018-09-13', '', '20.00', '0.00', 0, '', 'Pending', 1, 2, 626, 620018, '2018-09-11 17:33:21', '');

-- --------------------------------------------------------

--
-- Table structure for table `cities`
--

CREATE TABLE `cities` (
  `city_id` int(11) NOT NULL,
  `city_name` varchar(100) NOT NULL,
  `city_state` varchar(100) NOT NULL
) ENGINE=MyISAM DEFAULT CHARSET=utf8;

--
-- Dumping data for table `cities`
--

INSERT INTO `cities` (`city_id`, `city_name`, `city_state`) VALUES
(1, 'Kolhapur', 'Maharashtra'),
(2, 'Port Blair', 'Andaman & Nicobar Islands'),
(3, 'Adilabad', 'Andhra Pradesh'),
(4, 'Adoni', 'Andhra Pradesh'),
(5, 'Amadalavalasa', 'Andhra Pradesh'),
(6, 'Amalapuram', 'Andhra Pradesh'),
(7, 'Anakapalle', 'Andhra Pradesh'),
(8, 'Anantapur', 'Andhra Pradesh'),
(9, 'Badepalle', 'Andhra Pradesh'),
(10, 'Banganapalle', 'Andhra Pradesh'),
(11, 'Bapatla', 'Andhra Pradesh'),
(12, 'Bellampalle', 'Andhra Pradesh'),
(13, 'Bethamcherla', 'Andhra Pradesh'),
(14, 'Bhadrachalam', 'Andhra Pradesh'),
(15, 'Bhainsa', 'Andhra Pradesh'),
(16, 'Bheemunipatnam', 'Andhra Pradesh'),
(17, 'Bhimavaram', 'Andhra Pradesh'),
(18, 'Bhongir', 'Andhra Pradesh'),
(19, 'Bobbili', 'Andhra Pradesh'),
(20, 'Bodhan', 'Andhra Pradesh'),
(21, 'Chilakaluripet', 'Andhra Pradesh'),
(22, 'Chirala', 'Andhra Pradesh'),
(23, 'Chittoor', 'Andhra Pradesh'),
(24, 'Cuddapah', 'Andhra Pradesh'),
(25, 'Devarakonda', 'Andhra Pradesh'),
(26, 'Dharmavaram', 'Andhra Pradesh'),
(27, 'Eluru', 'Andhra Pradesh'),
(28, 'Farooqnagar', 'Andhra Pradesh'),
(29, 'Gadwal', 'Andhra Pradesh'),
(30, 'Gooty', 'Andhra Pradesh'),
(31, 'Gudivada', 'Andhra Pradesh'),
(32, 'Gudur', 'Andhra Pradesh'),
(33, 'Guntakal', 'Andhra Pradesh'),
(34, 'Guntur', 'Andhra Pradesh'),
(35, 'Hanuman Junction', 'Andhra Pradesh'),
(36, 'Hindupur', 'Andhra Pradesh'),
(37, 'Hyderabad', 'Andhra Pradesh'),
(38, 'Ichchapuram', 'Andhra Pradesh'),
(39, 'Jaggaiahpet', 'Andhra Pradesh'),
(40, 'Jagtial', 'Andhra Pradesh'),
(41, 'Jammalamadugu', 'Andhra Pradesh'),
(42, 'Jangaon', 'Andhra Pradesh'),
(43, 'Kadapa', 'Andhra Pradesh'),
(44, 'Kadiri', 'Andhra Pradesh'),
(45, 'Kagaznagar', 'Andhra Pradesh'),
(46, 'Kakinada', 'Andhra Pradesh'),
(47, 'Kalyandurg', 'Andhra Pradesh'),
(48, 'Kamareddy', 'Andhra Pradesh'),
(49, 'Kandukur', 'Andhra Pradesh'),
(50, 'Karimnagar', 'Andhra Pradesh'),
(51, 'Kavali', 'Andhra Pradesh'),
(52, 'Khammam', 'Andhra Pradesh'),
(53, 'Koratla', 'Andhra Pradesh'),
(54, 'Kothagudem', 'Andhra Pradesh'),
(55, 'Kothapeta', 'Andhra Pradesh'),
(56, 'Kovvur', 'Andhra Pradesh'),
(57, 'Kurnool', 'Andhra Pradesh'),
(58, 'Kyathampalle', 'Andhra Pradesh'),
(59, 'Macherla', 'Andhra Pradesh'),
(60, 'Machilipatnam', 'Andhra Pradesh'),
(61, 'Madanapalle', 'Andhra Pradesh'),
(62, 'Mahbubnagar', 'Andhra Pradesh'),
(63, 'Mancherial', 'Andhra Pradesh'),
(64, 'Mandamarri', 'Andhra Pradesh'),
(65, 'Mandapeta', 'Andhra Pradesh'),
(66, 'Manuguru', 'Andhra Pradesh'),
(67, 'Markapur', 'Andhra Pradesh'),
(68, 'Medak', 'Andhra Pradesh'),
(69, 'Miryalaguda', 'Andhra Pradesh'),
(70, 'Mogalthur', 'Andhra Pradesh'),
(71, 'Nagari', 'Andhra Pradesh'),
(72, 'Nagarkurnool', 'Andhra Pradesh'),
(73, 'Nandyal', 'Andhra Pradesh'),
(74, 'Narasapur', 'Andhra Pradesh'),
(75, 'Narasaraopet', 'Andhra Pradesh'),
(76, 'Narayanpet', 'Andhra Pradesh'),
(77, 'Narsipatnam', 'Andhra Pradesh'),
(78, 'Nellore', 'Andhra Pradesh'),
(79, 'Nidadavole', 'Andhra Pradesh'),
(80, 'Nirmal', 'Andhra Pradesh'),
(81, 'Nizamabad', 'Andhra Pradesh'),
(82, 'Nuzvid', 'Andhra Pradesh'),
(83, 'Ongole', 'Andhra Pradesh'),
(84, 'Palacole', 'Andhra Pradesh'),
(85, 'Palasa Kasibugga', 'Andhra Pradesh'),
(86, 'Palwancha', 'Andhra Pradesh'),
(87, 'Parvathipuram', 'Andhra Pradesh'),
(88, 'Pedana', 'Andhra Pradesh'),
(89, 'Peddapuram', 'Andhra Pradesh'),
(90, 'Pithapuram', 'Andhra Pradesh'),
(91, 'Pondur', 'Andhra pradesh'),
(92, 'Ponnur', 'Andhra Pradesh'),
(93, 'Proddatur', 'Andhra Pradesh'),
(94, 'Punganur', 'Andhra Pradesh'),
(95, 'Puttur', 'Andhra Pradesh'),
(96, 'Rajahmundry', 'Andhra Pradesh'),
(97, 'Rajam', 'Andhra Pradesh'),
(98, 'Ramachandrapuram', 'Andhra Pradesh'),
(99, 'Ramagundam', 'Andhra Pradesh'),
(100, 'Rayachoti', 'Andhra Pradesh'),
(101, 'Rayadurg', 'Andhra Pradesh'),
(102, 'Renigunta', 'Andhra Pradesh'),
(103, 'Repalle', 'Andhra Pradesh'),
(104, 'Sadasivpet', 'Andhra Pradesh'),
(105, 'Salur', 'Andhra Pradesh'),
(106, 'Samalkot', 'Andhra Pradesh'),
(107, 'Sangareddy', 'Andhra Pradesh'),
(108, 'Sattenapalle', 'Andhra Pradesh'),
(109, 'Siddipet', 'Andhra Pradesh'),
(110, 'Singapur', 'Andhra Pradesh'),
(111, 'Sircilla', 'Andhra Pradesh'),
(112, 'Srikakulam', 'Andhra Pradesh'),
(113, 'Srikalahasti', 'Andhra Pradesh'),
(115, 'Suryapet', 'Andhra Pradesh'),
(116, 'Tadepalligudem', 'Andhra Pradesh'),
(117, 'Tadpatri', 'Andhra Pradesh'),
(118, 'Tandur', 'Andhra Pradesh'),
(119, 'Tanuku', 'Andhra Pradesh'),
(120, 'Tenali', 'Andhra Pradesh'),
(121, 'Tirupati', 'Andhra Pradesh'),
(122, 'Tuni', 'Andhra Pradesh'),
(123, 'Uravakonda', 'Andhra Pradesh'),
(124, 'Venkatagiri', 'Andhra Pradesh'),
(125, 'Vicarabad', 'Andhra Pradesh'),
(126, 'Vijayawada', 'Andhra Pradesh'),
(127, 'Vinukonda', 'Andhra Pradesh'),
(128, 'Visakhapatnam', 'Andhra Pradesh'),
(129, 'Vizianagaram', 'Andhra Pradesh'),
(130, 'Wanaparthy', 'Andhra Pradesh'),
(131, 'Warangal', 'Andhra Pradesh'),
(132, 'Yellandu', 'Andhra Pradesh'),
(133, 'Yemmiganur', 'Andhra Pradesh'),
(134, 'Yerraguntla', 'Andhra Pradesh'),
(135, 'Zahirabad', 'Andhra Pradesh'),
(136, 'Rajampet', 'Andhra Pradesh'),
(137, 'Along', 'Arunachal Pradesh'),
(138, 'Bomdila', 'Arunachal Pradesh'),
(139, 'Itanagar', 'Arunachal Pradesh'),
(140, 'Naharlagun', 'Arunachal Pradesh'),
(141, 'Pasighat', 'Arunachal Pradesh'),
(142, 'Abhayapuri', 'Assam'),
(143, 'Amguri', 'Assam'),
(144, 'Anandnagaar', 'Assam'),
(145, 'Barpeta', 'Assam'),
(146, 'Barpeta Road', 'Assam'),
(147, 'Bilasipara', 'Assam'),
(148, 'Bongaigaon', 'Assam'),
(149, 'Dhekiajuli', 'Assam'),
(150, 'Dhubri', 'Assam'),
(151, 'Dibrugarh', 'Assam'),
(152, 'Digboi', 'Assam'),
(153, 'Diphu', 'Assam'),
(154, 'Dispur', 'Assam'),
(156, 'Gauripur', 'Assam'),
(157, 'Goalpara', 'Assam'),
(158, 'Golaghat', 'Assam'),
(159, 'Guwahati', 'Assam'),
(160, 'Haflong', 'Assam'),
(161, 'Hailakandi', 'Assam'),
(162, 'Hojai', 'Assam'),
(163, 'Jorhat', 'Assam'),
(164, 'Karimganj', 'Assam'),
(165, 'Kokrajhar', 'Assam'),
(166, 'Lanka', 'Assam'),
(167, 'Lumding', 'Assam'),
(168, 'Mangaldoi', 'Assam'),
(169, 'Mankachar', 'Assam'),
(170, 'Margherita', 'Assam'),
(171, 'Mariani', 'Assam'),
(172, 'Marigaon', 'Assam'),
(173, 'Nagaon', 'Assam'),
(174, 'Nalbari', 'Assam'),
(175, 'North Lakhimpur', 'Assam'),
(176, 'Rangia', 'Assam'),
(177, 'Sibsagar', 'Assam'),
(178, 'Silapathar', 'Assam'),
(179, 'Silchar', 'Assam'),
(180, 'Tezpur', 'Assam'),
(181, 'Tinsukia', 'Assam'),
(182, 'Amarpur', 'Bihar'),
(183, 'Araria', 'Bihar'),
(184, 'Areraj', 'Bihar'),
(185, 'Arrah', 'Bihar'),
(186, 'Asarganj', 'Bihar'),
(187, 'Aurangabad', 'Bihar'),
(188, 'Bagaha', 'Bihar'),
(189, 'Bahadurganj', 'Bihar'),
(190, 'Bairgania', 'Bihar'),
(191, 'Bakhtiarpur', 'Bihar'),
(192, 'Banka', 'Bihar'),
(193, 'Banmankhi Bazar', 'Bihar'),
(194, 'Barahiya', 'Bihar'),
(195, 'Barauli', 'Bihar'),
(196, 'Barbigha', 'Bihar'),
(197, 'Barh', 'Bihar'),
(198, 'Begusarai', 'Bihar'),
(199, 'Behea', 'Bihar'),
(200, 'Bettiah', 'Bihar'),
(201, 'Bhabua', 'Bihar'),
(202, 'Bhagalpur', 'Bihar'),
(203, 'Bihar Sharif', 'Bihar'),
(204, 'Bikramganj', 'Bihar'),
(205, 'Bodh Gaya', 'Bihar'),
(206, 'Buxar', 'Bihar'),
(207, 'Chandan Bara', 'Bihar'),
(208, 'Chanpatia', 'Bihar'),
(209, 'Chhapra', 'Bihar'),
(210, 'Colgong', 'Bihar'),
(211, 'Dalsinghsarai', 'Bihar'),
(212, 'Darbhanga', 'Bihar'),
(213, 'Daudnagar', 'Bihar'),
(214, 'Dehri-on-Sone', 'Bihar'),
(215, 'Dhaka', 'Bihar'),
(216, 'Dighwara', 'Bihar'),
(217, 'Dumraon', 'Bihar'),
(218, 'Fatwah', 'Bihar'),
(219, 'Forbesganj', 'Bihar'),
(220, 'Gaya', 'Bihar'),
(221, 'Gogri Jamalpur', 'Bihar'),
(222, 'Gopalganj', 'Bihar'),
(223, 'Hajipur', 'Bihar'),
(224, 'Hilsa', 'Bihar'),
(225, 'Hisua', 'Bihar'),
(226, 'Islampur', 'Bihar'),
(227, 'Jagdispur', 'Bihar'),
(228, 'Jamalpur', 'Bihar'),
(229, 'Jamui', 'Bihar'),
(230, 'Jehanabad', 'Bihar'),
(231, 'Jhajha', 'Bihar'),
(232, 'Jhanjharpur', 'Bihar'),
(233, 'Jogabani', 'Bihar'),
(234, 'Kanti', 'Bihar'),
(235, 'Katihar', 'Bihar'),
(236, 'Khagaria', 'Bihar'),
(237, 'Kharagpur', 'Bihar'),
(238, 'Kishanganj', 'Bihar'),
(239, 'Lakhisarai', 'Bihar'),
(240, 'Lalganj', 'Bihar'),
(241, 'Madhepura', 'Bihar'),
(242, 'Madhubani', 'Bihar'),
(243, 'Maharajganj', 'Bihar'),
(244, 'Mahnar Bazar', 'Bihar'),
(245, 'Makhdumpur', 'Bihar'),
(246, 'Maner', 'Bihar'),
(247, 'Manihari', 'Bihar'),
(248, 'Marhaura', 'Bihar'),
(249, 'Masaurhi', 'Bihar'),
(250, 'Mirganj', 'Bihar'),
(251, 'Mokameh', 'Bihar'),
(252, 'Motihari', 'Bihar'),
(253, 'Motipur', 'Bihar'),
(254, 'Munger', 'Bihar'),
(255, 'Murliganj', 'Bihar'),
(256, 'Muzaffarpur', 'Bihar'),
(257, 'Narkatiaganj', 'Bihar'),
(258, 'Naugachhia', 'Bihar'),
(259, 'Nawada', 'Bihar'),
(260, 'Nokha', 'Bihar'),
(261, 'Patna', 'Bihar'),
(262, 'Piro', 'Bihar'),
(263, 'Purnia', 'Bihar'),
(264, 'Rafiganj', 'Bihar'),
(265, 'Rajgir', 'Bihar'),
(266, 'Ramnagar', 'Bihar'),
(267, 'Raxaul Bazar', 'Bihar'),
(268, 'Revelganj', 'Bihar'),
(269, 'Rosera', 'Bihar'),
(270, 'Saharsa', 'Bihar'),
(271, 'Samastipur', 'Bihar'),
(272, 'Sasaram', 'Bihar'),
(273, 'Sheikhpura', 'Bihar'),
(274, 'Sheohar', 'Bihar'),
(275, 'Sherghati', 'Bihar'),
(276, 'Silao', 'Bihar'),
(277, 'Sitamarhi', 'Bihar'),
(278, 'Siwan', 'Bihar'),
(279, 'Sonepur', 'Bihar'),
(280, 'Sugauli', 'Bihar'),
(281, 'Sultanganj', 'Bihar'),
(282, 'Supaul', 'Bihar'),
(283, 'Warisaliganj', 'Bihar'),
(284, 'Ahiwara', 'Chhattisgarh'),
(285, 'Akaltara', 'Chhattisgarh'),
(286, 'Ambagarh Chowki', 'Chhattisgarh'),
(287, 'Ambikapur', 'Chhattisgarh'),
(288, 'Arang', 'Chhattisgarh'),
(289, 'Bade Bacheli', 'Chhattisgarh'),
(290, 'Balod', 'Chhattisgarh'),
(291, 'Baloda Bazar', 'Chhattisgarh'),
(292, 'Bemetra', 'Chhattisgarh'),
(293, 'Bhatapara', 'Chhattisgarh'),
(294, 'Bilaspur', 'Chhattisgarh'),
(295, 'Birgaon', 'Chhattisgarh'),
(296, 'Champa', 'Chhattisgarh'),
(297, 'Chirmiri', 'Chhattisgarh'),
(298, 'Dalli-Rajhara', 'Chhattisgarh'),
(299, 'Dhamtari', 'Chhattisgarh'),
(300, 'Dipka', 'Chhattisgarh'),
(301, 'Dongargarh', 'Chhattisgarh'),
(302, 'Durg-Bhilai Nagar', 'Chhattisgarh'),
(303, 'Gobranawapara', 'Chhattisgarh'),
(304, 'Jagdalpur', 'Chhattisgarh'),
(305, 'Janjgir', 'Chhattisgarh'),
(306, 'Jashpurnagar', 'Chhattisgarh'),
(307, 'Kanker', 'Chhattisgarh'),
(308, 'Kawardha', 'Chhattisgarh'),
(309, 'Kondagaon', 'Chhattisgarh'),
(310, 'Korba', 'Chhattisgarh'),
(311, 'Mahasamund', 'Chhattisgarh'),
(312, 'Mahendragarh', 'Chhattisgarh'),
(313, 'Mungeli', 'Chhattisgarh'),
(314, 'Naila Janjgir', 'Chhattisgarh'),
(315, 'Raigarh', 'Chhattisgarh'),
(316, 'Raipur', 'Chhattisgarh'),
(317, 'Rajnandgaon', 'Chhattisgarh'),
(318, 'Sakti', 'Chhattisgarh'),
(319, 'Tilda Newra', 'Chhattisgarh'),
(320, 'Amli', 'Dadra & Nagar Haveli'),
(321, 'Silvassa', 'Dadra & Nagar Haveli'),
(322, 'Daman and Diu', 'Daman & Diu'),
(323, 'Daman and Diu', 'Daman & Diu'),
(324, 'Asola', 'Delhi'),
(325, 'Delhi', 'Delhi'),
(326, 'Aldona', 'Goa'),
(327, 'Curchorem Cacora', 'Goa'),
(328, 'Madgaon', 'Goa'),
(329, 'Mapusa', 'Goa'),
(330, 'Margao', 'Goa'),
(331, 'Marmagao', 'Goa'),
(332, 'Panaji', 'Goa'),
(333, 'Ahmedabad', 'Gujarat'),
(334, 'Amreli', 'Gujarat'),
(335, 'Anand', 'Gujarat'),
(336, 'Ankleshwar', 'Gujarat'),
(337, 'Bharuch', 'Gujarat'),
(338, 'Bhavnagar', 'Gujarat'),
(339, 'Bhuj', 'Gujarat'),
(340, 'Cambay', 'Gujarat'),
(341, 'Dahod', 'Gujarat'),
(342, 'Deesa', 'Gujarat'),
(343, 'Dharampur', ' India'),
(344, 'Dholka', 'Gujarat'),
(345, 'Gandhinagar', 'Gujarat'),
(346, 'Godhra', 'Gujarat'),
(347, 'Himatnagar', 'Gujarat'),
(348, 'Idar', 'Gujarat'),
(349, 'Jamnagar', 'Gujarat'),
(350, 'Junagadh', 'Gujarat'),
(351, 'Kadi', 'Gujarat'),
(352, 'Kalavad', 'Gujarat'),
(353, 'Kalol', 'Gujarat'),
(354, 'Kapadvanj', 'Gujarat'),
(355, 'Karjan', 'Gujarat'),
(356, 'Keshod', 'Gujarat'),
(357, 'Khambhalia', 'Gujarat'),
(358, 'Khambhat', 'Gujarat'),
(359, 'Kheda', 'Gujarat'),
(360, 'Khedbrahma', 'Gujarat'),
(361, 'Kheralu', 'Gujarat'),
(362, 'Kodinar', 'Gujarat'),
(363, 'Lathi', 'Gujarat'),
(364, 'Limbdi', 'Gujarat'),
(365, 'Lunawada', 'Gujarat'),
(366, 'Mahesana', 'Gujarat'),
(367, 'Mahuva', 'Gujarat'),
(368, 'Manavadar', 'Gujarat'),
(369, 'Mandvi', 'Gujarat'),
(370, 'Mangrol', 'Gujarat'),
(371, 'Mansa', 'Gujarat'),
(372, 'Mehmedabad', 'Gujarat'),
(373, 'Modasa', 'Gujarat'),
(374, 'Morvi', 'Gujarat'),
(375, 'Nadiad', 'Gujarat'),
(376, 'Navsari', 'Gujarat'),
(377, 'Padra', 'Gujarat'),
(378, 'Palanpur', 'Gujarat'),
(379, 'Palitana', 'Gujarat'),
(380, 'Pardi', 'Gujarat'),
(381, 'Patan', 'Gujarat'),
(382, 'Petlad', 'Gujarat'),
(383, 'Porbandar', 'Gujarat'),
(384, 'Radhanpur', 'Gujarat'),
(385, 'Rajkot', 'Gujarat'),
(386, 'Rajpipla', 'Gujarat'),
(387, 'Rajula', 'Gujarat'),
(388, 'Ranavav', 'Gujarat'),
(389, 'Rapar', 'Gujarat'),
(390, 'Salaya', 'Gujarat'),
(391, 'Sanand', 'Gujarat'),
(392, 'Savarkundla', 'Gujarat'),
(393, 'Sidhpur', 'Gujarat'),
(394, 'Sihor', 'Gujarat'),
(395, 'Songadh', 'Gujarat'),
(396, 'Surat', 'Gujarat'),
(397, 'Talaja', 'Gujarat'),
(398, 'Thangadh', 'Gujarat'),
(399, 'Tharad', 'Gujarat'),
(400, 'Umbergaon', 'Gujarat'),
(401, 'Umreth', 'Gujarat'),
(402, 'Una', 'Gujarat'),
(403, 'Unjha', 'Gujarat'),
(404, 'Upleta', 'Gujarat'),
(405, 'Vadnagar', 'Gujarat'),
(406, 'Vadodara', 'Gujarat'),
(407, 'Valsad', 'Gujarat'),
(408, 'Vapi', 'Gujarat'),
(409, 'Vapi', 'Gujarat'),
(410, 'Veraval', 'Gujarat'),
(411, 'Vijapur', 'Gujarat'),
(412, 'Viramgam', 'Gujarat'),
(413, 'Visnagar', 'Gujarat'),
(414, 'Vyara', 'Gujarat'),
(415, 'Wadhwan', 'Gujarat'),
(416, 'Wankaner', 'Gujarat'),
(417, 'Adalaj', 'Gujrat'),
(418, 'Adityana', 'Gujrat'),
(419, 'Alang', 'Gujrat'),
(420, 'Ambaji', 'Gujrat'),
(421, 'Ambaliyasan', 'Gujrat'),
(422, 'Andada', 'Gujrat'),
(423, 'Anjar', 'Gujrat'),
(424, 'Anklav', 'Gujrat'),
(425, 'Antaliya', 'Gujrat'),
(426, 'Arambhada', 'Gujrat'),
(427, 'Atul', 'Gujrat'),
(428, 'Ballabhgarh', 'Hariyana'),
(429, 'Ambala', 'Haryana'),
(430, 'Ambala', 'Haryana'),
(431, 'Asankhurd', 'Haryana'),
(432, 'Assandh', 'Haryana'),
(433, 'Ateli', 'Haryana'),
(434, 'Babiyal', 'Haryana'),
(435, 'Bahadurgarh', 'Haryana'),
(436, 'Barwala', 'Haryana'),
(437, 'Bhiwani', 'Haryana'),
(438, 'Charkhi Dadri', 'Haryana'),
(439, 'Cheeka', 'Haryana'),
(440, 'Ellenabad 2', 'Haryana'),
(441, 'Faridabad', 'Haryana'),
(442, 'Fatehabad', 'Haryana'),
(443, 'Ganaur', 'Haryana'),
(444, 'Gharaunda', 'Haryana'),
(445, 'Gohana', 'Haryana'),
(446, 'Gurgaon', 'Haryana'),
(447, 'Haibat(Yamuna Nagar)', 'Haryana'),
(448, 'Hansi', 'Haryana'),
(449, 'Hisar', 'Haryana'),
(450, 'Hodal', 'Haryana'),
(451, 'Jhajjar', 'Haryana'),
(452, 'Jind', 'Haryana'),
(453, 'Kaithal', 'Haryana'),
(454, 'Kalan Wali', 'Haryana'),
(455, 'Kalka', 'Haryana'),
(456, 'Karnal', 'Haryana'),
(457, 'Ladwa', 'Haryana'),
(458, 'Mahendragarh', 'Haryana'),
(459, 'Mandi Dabwali', 'Haryana'),
(460, 'Narnaul', 'Haryana'),
(461, 'Narwana', 'Haryana'),
(462, 'Palwal', 'Haryana'),
(463, 'Panchkula', 'Haryana'),
(464, 'Panipat', 'Haryana'),
(465, 'Pehowa', 'Haryana'),
(466, 'Pinjore', 'Haryana'),
(467, 'Rania', 'Haryana'),
(468, 'Ratia', 'Haryana'),
(469, 'Rewari', 'Haryana'),
(470, 'Rohtak', 'Haryana'),
(471, 'Safidon', 'Haryana'),
(472, 'Samalkha', 'Haryana'),
(473, 'Shahbad', 'Haryana'),
(474, 'Sirsa', 'Haryana'),
(475, 'Sohna', 'Haryana'),
(476, 'Sonipat', 'Haryana'),
(477, 'Taraori', 'Haryana'),
(478, 'Thanesar', 'Haryana'),
(479, 'Tohana', 'Haryana'),
(480, 'Yamunanagar', 'Haryana'),
(481, 'Arki', 'Himachal Pradesh'),
(482, 'Baddi', 'Himachal Pradesh'),
(483, 'Bilaspur', 'Himachal Pradesh'),
(484, 'Chamba', 'Himachal Pradesh'),
(485, 'Dalhousie', 'Himachal Pradesh'),
(486, 'Dharamsala', 'Himachal Pradesh'),
(487, 'Hamirpur', 'Himachal Pradesh'),
(488, 'Mandi', 'Himachal Pradesh'),
(489, 'Nahan', 'Himachal Pradesh'),
(490, 'Shimla', 'Himachal Pradesh'),
(491, 'Solan', 'Himachal Pradesh'),
(492, 'Sundarnagar', 'Himachal Pradesh'),
(493, 'Jammu', 'Jammu & Kashmir'),
(494, 'Achabbal', 'Jammu & Kashmir'),
(495, 'Akhnoor', 'Jammu & Kashmir'),
(496, 'Anantnag', 'Jammu & Kashmir'),
(497, 'Arnia', 'Jammu & Kashmir'),
(498, 'Awantipora', 'Jammu & Kashmir'),
(499, 'Bandipore', 'Jammu & Kashmir'),
(500, 'Baramula', 'Jammu & Kashmir'),
(501, 'Kathua', 'Jammu & Kashmir'),
(502, 'Leh', 'Jammu & Kashmir'),
(503, 'Punch', 'Jammu & Kashmir'),
(504, 'Rajauri', 'Jammu & Kashmir'),
(505, 'Sopore', 'Jammu & Kashmir'),
(506, 'Srinagar', 'Jammu & Kashmir'),
(507, 'Udhampur', 'Jammu & Kashmir'),
(508, 'Amlabad', 'Jharkhand'),
(509, 'Ara', 'Jharkhand'),
(510, 'Barughutu', 'Jharkhand'),
(511, 'Bokaro Steel City', 'Jharkhand'),
(512, 'Chaibasa', 'Jharkhand'),
(513, 'Chakradharpur', 'Jharkhand'),
(514, 'Chandrapura', 'Jharkhand'),
(515, 'Chatra', 'Jharkhand'),
(516, 'Chirkunda', 'Jharkhand'),
(517, 'Churi', 'Jharkhand'),
(518, 'Daltonganj', 'Jharkhand'),
(519, 'Deoghar', 'Jharkhand'),
(520, 'Dhanbad', 'Jharkhand'),
(521, 'Dumka', 'Jharkhand'),
(522, 'Garhwa', 'Jharkhand'),
(523, 'Ghatshila', 'Jharkhand'),
(524, 'Giridih', 'Jharkhand'),
(525, 'Godda', 'Jharkhand'),
(526, 'Gomoh', 'Jharkhand'),
(527, 'Gumia', 'Jharkhand'),
(528, 'Gumla', 'Jharkhand'),
(529, 'Hazaribag', 'Jharkhand'),
(530, 'Hussainabad', 'Jharkhand'),
(531, 'Jamshedpur', 'Jharkhand'),
(532, 'Jamtara', 'Jharkhand'),
(533, 'Jhumri Tilaiya', 'Jharkhand'),
(534, 'Khunti', 'Jharkhand'),
(535, 'Lohardaga', 'Jharkhand'),
(536, 'Madhupur', 'Jharkhand'),
(537, 'Mihijam', 'Jharkhand'),
(538, 'Musabani', 'Jharkhand'),
(539, 'Pakaur', 'Jharkhand'),
(540, 'Patratu', 'Jharkhand'),
(541, 'Phusro', 'Jharkhand'),
(542, 'Ramngarh', 'Jharkhand'),
(543, 'Ranchi', 'Jharkhand'),
(544, 'Sahibganj', 'Jharkhand'),
(545, 'Saunda', 'Jharkhand'),
(546, 'Simdega', 'Jharkhand'),
(547, 'Tenu Dam-cum- Kathhara', 'Jharkhand'),
(548, 'Arasikere', 'Karnataka'),
(549, 'Bangalore', 'Karnataka'),
(550, 'Belgaum', 'Karnataka'),
(551, 'Bellary', 'Karnataka'),
(552, 'Chamrajnagar', 'Karnataka'),
(553, 'Chikkaballapur', 'Karnataka'),
(554, 'Chintamani', 'Karnataka'),
(555, 'Chitradurga', 'Karnataka'),
(556, 'Gulbarga', 'Karnataka'),
(557, 'Gundlupet', 'Karnataka'),
(558, 'Hassan', 'Karnataka'),
(559, 'Hospet', 'Karnataka'),
(560, 'Hubli', 'Karnataka'),
(561, 'Karkala', 'Karnataka'),
(562, 'Karwar', 'Karnataka'),
(563, 'Kolar', 'Karnataka'),
(564, 'Kota', 'Karnataka'),
(565, 'Lakshmeshwar', 'Karnataka'),
(566, 'Lingsugur', 'Karnataka'),
(567, 'Maddur', 'Karnataka'),
(568, 'Madhugiri', 'Karnataka'),
(569, 'Madikeri', 'Karnataka'),
(570, 'Magadi', 'Karnataka'),
(571, 'Mahalingpur', 'Karnataka'),
(572, 'Malavalli', 'Karnataka'),
(573, 'Malur', 'Karnataka'),
(574, 'Mandya', 'Karnataka'),
(575, 'Mangalore', 'Karnataka'),
(576, 'Manvi', 'Karnataka'),
(577, 'Mudalgi', 'Karnataka'),
(578, 'Mudbidri', 'Karnataka'),
(579, 'Muddebihal', 'Karnataka'),
(580, 'Mudhol', 'Karnataka'),
(581, 'Mulbagal', 'Karnataka'),
(582, 'Mundargi', 'Karnataka'),
(583, 'Mysore', 'Karnataka'),
(584, 'Nanjangud', 'Karnataka'),
(585, 'Pavagada', 'Karnataka'),
(586, 'Puttur', 'Karnataka'),
(587, 'Rabkavi Banhatti', 'Karnataka'),
(588, 'Raichur', 'Karnataka'),
(589, 'Ramanagaram', 'Karnataka'),
(590, 'Ramdurg', 'Karnataka'),
(591, 'Ranibennur', 'Karnataka'),
(592, 'Robertson Pet', 'Karnataka'),
(593, 'Ron', 'Karnataka'),
(594, 'Sadalgi', 'Karnataka'),
(595, 'Sagar', 'Karnataka'),
(596, 'Sakleshpur', 'Karnataka'),
(597, 'Sandur', 'Karnataka'),
(598, 'Sankeshwar', 'Karnataka'),
(599, 'Saundatti-Yellamma', 'Karnataka'),
(600, 'Savanur', 'Karnataka'),
(601, 'Sedam', 'Karnataka'),
(602, 'Shahabad', 'Karnataka'),
(603, 'Shahpur', 'Karnataka'),
(604, 'Shiggaon', 'Karnataka'),
(605, 'Shikapur', 'Karnataka'),
(606, 'Shimoga', 'Karnataka'),
(607, 'Shorapur', 'Karnataka'),
(608, 'Shrirangapattana', 'Karnataka'),
(609, 'Sidlaghatta', 'Karnataka'),
(610, 'Sindgi', 'Karnataka'),
(611, 'Sindhnur', 'Karnataka'),
(612, 'Sira', 'Karnataka'),
(613, 'Sirsi', 'Karnataka'),
(614, 'Siruguppa', 'Karnataka'),
(615, 'Srinivaspur', 'Karnataka'),
(616, 'Talikota', 'Karnataka'),
(617, 'Tarikere', 'Karnataka'),
(618, 'Tekkalakota', 'Karnataka'),
(619, 'Terdal', 'Karnataka'),
(620, 'Tiptur', 'Karnataka'),
(621, 'Tumkur', 'Karnataka'),
(622, 'Udupi', 'Karnataka'),
(623, 'Vijayapura', 'Karnataka'),
(624, 'Wadi', 'Karnataka'),
(625, 'Yadgir', 'Karnataka'),
(626, 'Adoor', 'Kerala'),
(627, 'Akathiyoor', 'Kerala'),
(628, 'Alappuzha', 'Kerala'),
(629, 'Ancharakandy', 'Kerala'),
(630, 'Aroor', 'Kerala'),
(631, 'Ashtamichira', 'Kerala'),
(632, 'Attingal', 'Kerala'),
(633, 'Avinissery', 'Kerala'),
(634, 'Chalakudy', 'Kerala'),
(635, 'Changanassery', 'Kerala'),
(636, 'Chendamangalam', 'Kerala'),
(637, 'Chengannur', 'Kerala'),
(638, 'Cherthala', 'Kerala'),
(639, 'Cheruthazham', 'Kerala'),
(640, 'Chittur-Thathamangalam', 'Kerala'),
(641, 'Chockli', 'Kerala'),
(642, 'Erattupetta', 'Kerala'),
(643, 'Guruvayoor', 'Kerala'),
(644, 'Irinjalakuda', 'Kerala'),
(645, 'Kadirur', 'Kerala'),
(646, 'Kalliasseri', 'Kerala'),
(647, 'Kalpetta', 'Kerala'),
(648, 'Kanhangad', 'Kerala'),
(649, 'Kanjikkuzhi', 'Kerala'),
(650, 'Kannur', 'Kerala'),
(651, 'Kasaragod', 'Kerala'),
(652, 'Kayamkulam', 'Kerala'),
(653, 'Kochi', 'Kerala'),
(654, 'Kodungallur', 'Kerala'),
(655, 'Kollam', 'Kerala'),
(656, 'Koothuparamba', 'Kerala'),
(657, 'Kothamangalam', 'Kerala'),
(658, 'Kottayam', 'Kerala'),
(659, 'Kozhikode', 'Kerala'),
(660, 'Kunnamkulam', 'Kerala'),
(661, 'Malappuram', 'Kerala'),
(662, 'Mattannur', 'Kerala'),
(663, 'Mavelikkara', 'Kerala'),
(664, 'Mavoor', 'Kerala'),
(665, 'Muvattupuzha', 'Kerala'),
(666, 'Nedumangad', 'Kerala'),
(667, 'Neyyattinkara', 'Kerala'),
(668, 'Ottappalam', 'Kerala'),
(669, 'Palai', 'Kerala'),
(670, 'Palakkad', 'Kerala'),
(671, 'Panniyannur', 'Kerala'),
(672, 'Pappinisseri', 'Kerala'),
(673, 'Paravoor', 'Kerala'),
(674, 'Pathanamthitta', 'Kerala'),
(675, 'Payyannur', 'Kerala'),
(676, 'Peringathur', 'Kerala'),
(677, 'Perinthalmanna', 'Kerala'),
(678, 'Perumbavoor', 'Kerala'),
(679, 'Ponnani', 'Kerala'),
(680, 'Punalur', 'Kerala'),
(681, 'Quilandy', 'Kerala'),
(682, 'Shoranur', 'Kerala'),
(683, 'Taliparamba', 'Kerala'),
(684, 'Thiruvalla', 'Kerala'),
(685, 'Thiruvananthapuram', 'Kerala'),
(686, 'Thodupuzha', 'Kerala'),
(687, 'Thrissur', 'Kerala'),
(688, 'Tirur', 'Kerala'),
(689, 'Vadakara', 'Kerala'),
(690, 'Vaikom', 'Kerala'),
(691, 'Varkala', 'Kerala'),
(692, 'Kavaratti', 'Lakshadweep'),
(693, 'Ashok Nagar', 'Madhya Pradesh'),
(694, 'Balaghat', 'Madhya Pradesh'),
(695, 'Betul', 'Madhya Pradesh'),
(696, 'Bhopal', 'Madhya Pradesh'),
(697, 'Burhanpur', 'Madhya Pradesh'),
(698, 'Chhatarpur', 'Madhya Pradesh'),
(699, 'Dabra', 'Madhya Pradesh'),
(700, 'Datia', 'Madhya Pradesh'),
(701, 'Dewas', 'Madhya Pradesh'),
(702, 'Dhar', 'Madhya Pradesh'),
(703, 'Fatehabad', 'Madhya Pradesh'),
(704, 'Gwalior', 'Madhya Pradesh'),
(705, 'Indore', 'Madhya Pradesh'),
(706, 'Itarsi', 'Madhya Pradesh'),
(707, 'Jabalpur', 'Madhya Pradesh'),
(708, 'Katni', 'Madhya Pradesh'),
(709, 'Kotma', 'Madhya Pradesh'),
(710, 'Lahar', 'Madhya Pradesh'),
(711, 'Lundi', 'Madhya Pradesh'),
(712, 'Maharajpur', 'Madhya Pradesh'),
(713, 'Mahidpur', 'Madhya Pradesh'),
(714, 'Maihar', 'Madhya Pradesh'),
(715, 'Malajkhand', 'Madhya Pradesh'),
(716, 'Manasa', 'Madhya Pradesh'),
(717, 'Manawar', 'Madhya Pradesh'),
(718, 'Mandideep', 'Madhya Pradesh'),
(719, 'Mandla', 'Madhya Pradesh'),
(720, 'Mandsaur', 'Madhya Pradesh'),
(721, 'Mauganj', 'Madhya Pradesh'),
(722, 'Mhow Cantonment', 'Madhya Pradesh'),
(723, 'Mhowgaon', 'Madhya Pradesh'),
(724, 'Morena', 'Madhya Pradesh'),
(725, 'Multai', 'Madhya Pradesh'),
(726, 'Murwara', 'Madhya Pradesh'),
(727, 'Nagda', 'Madhya Pradesh'),
(728, 'Nainpur', 'Madhya Pradesh'),
(729, 'Narsinghgarh', 'Madhya Pradesh'),
(730, 'Narsinghgarh', 'Madhya Pradesh'),
(731, 'Neemuch', 'Madhya Pradesh'),
(732, 'Nepanagar', 'Madhya Pradesh'),
(733, 'Niwari', 'Madhya Pradesh'),
(734, 'Nowgong', 'Madhya Pradesh'),
(735, 'Nowrozabad', 'Madhya Pradesh'),
(736, 'Pachore', 'Madhya Pradesh'),
(737, 'Pali', 'Madhya Pradesh'),
(738, 'Panagar', 'Madhya Pradesh'),
(739, 'Pandhurna', 'Madhya Pradesh'),
(740, 'Panna', 'Madhya Pradesh'),
(741, 'Pasan', 'Madhya Pradesh'),
(742, 'Pipariya', 'Madhya Pradesh'),
(743, 'Pithampur', 'Madhya Pradesh'),
(744, 'Porsa', 'Madhya Pradesh'),
(745, 'Prithvipur', 'Madhya Pradesh'),
(746, 'Raghogarh-Vijaypur', 'Madhya Pradesh'),
(747, 'Rahatgarh', 'Madhya Pradesh'),
(748, 'Raisen', 'Madhya Pradesh'),
(749, 'Rajgarh', 'Madhya Pradesh'),
(750, 'Ratlam', 'Madhya Pradesh'),
(751, 'Rau', 'Madhya Pradesh'),
(752, 'Rehli', 'Madhya Pradesh'),
(753, 'Rewa', 'Madhya Pradesh'),
(754, 'Sabalgarh', 'Madhya Pradesh'),
(755, 'Sagar', 'Madhya Pradesh'),
(756, 'Sanawad', 'Madhya Pradesh'),
(757, 'Sarangpur', 'Madhya Pradesh'),
(758, 'Sarni', 'Madhya Pradesh'),
(759, 'Satna', 'Madhya Pradesh'),
(760, 'Sausar', 'Madhya Pradesh'),
(761, 'Sehore', 'Madhya Pradesh'),
(762, 'Sendhwa', 'Madhya Pradesh'),
(763, 'Seoni', 'Madhya Pradesh'),
(764, 'Seoni-Malwa', 'Madhya Pradesh'),
(765, 'Shahdol', 'Madhya Pradesh'),
(766, 'Shajapur', 'Madhya Pradesh'),
(767, 'Shamgarh', 'Madhya Pradesh'),
(768, 'Sheopur', 'Madhya Pradesh'),
(769, 'Shivpuri', 'Madhya Pradesh'),
(770, 'Shujalpur', 'Madhya Pradesh'),
(771, 'Sidhi', 'Madhya Pradesh'),
(772, 'Sihora', 'Madhya Pradesh'),
(773, 'Singrauli', 'Madhya Pradesh'),
(774, 'Sironj', 'Madhya Pradesh'),
(775, 'Sohagpur', 'Madhya Pradesh'),
(776, 'Tarana', 'Madhya Pradesh'),
(777, 'Tikamgarh', 'Madhya Pradesh'),
(778, 'Ujhani', 'Madhya Pradesh'),
(779, 'Ujjain', 'Madhya Pradesh'),
(780, 'Umaria', 'Madhya Pradesh'),
(781, 'Vidisha', 'Madhya Pradesh'),
(782, 'Wara Seoni', 'Madhya Pradesh'),
(783, 'Ahmednagar', 'Maharashtra'),
(784, 'Akola', 'Maharashtra'),
(785, 'Amravati', 'Maharashtra'),
(786, 'Aurangabad', 'Maharashtra'),
(787, 'Baramati', 'Maharashtra'),
(788, 'Chalisgaon', 'Maharashtra'),
(789, 'Chinchani', 'Maharashtra'),
(790, 'Devgarh', 'Maharashtra'),
(791, 'Dhule', 'Maharashtra'),
(792, 'Dombivli', 'Maharashtra'),
(793, 'Durgapur', 'Maharashtra'),
(794, 'Ichalkaranji', 'Maharashtra'),
(795, 'Jalna', 'Maharashtra'),
(796, 'Kalyan', 'Maharashtra'),
(797, 'Latur', 'Maharashtra'),
(798, 'Loha', 'Maharashtra'),
(799, 'Lonar', 'Maharashtra'),
(800, 'Lonavla', 'Maharashtra'),
(801, 'Mahad', 'Maharashtra'),
(802, 'Mahuli', 'Maharashtra'),
(803, 'Malegaon', 'Maharashtra'),
(804, 'Malkapur', 'Maharashtra'),
(805, 'Manchar', 'Maharashtra'),
(806, 'Mangalvedhe', 'Maharashtra'),
(807, 'Mangrulpir', 'Maharashtra'),
(808, 'Manjlegaon', 'Maharashtra'),
(809, 'Manmad', 'Maharashtra'),
(810, 'Manwath', 'Maharashtra'),
(811, 'Mehkar', 'Maharashtra'),
(812, 'Mhaswad', 'Maharashtra'),
(813, 'Miraj', 'Maharashtra'),
(814, 'Morshi', 'Maharashtra'),
(815, 'Mukhed', 'Maharashtra'),
(816, 'Mul', 'Maharashtra'),
(817, 'Mumbai', 'Maharashtra'),
(818, 'Murtijapur', 'Maharashtra'),
(819, 'Nagpur', 'Maharashtra'),
(820, 'Nalasopara', 'Maharashtra'),
(821, 'Nanded-Waghala', 'Maharashtra'),
(822, 'Nandgaon', 'Maharashtra'),
(823, 'Nandura', 'Maharashtra'),
(824, 'Nandurbar', 'Maharashtra'),
(825, 'Narkhed', 'Maharashtra'),
(826, 'Nashik', 'Maharashtra'),
(827, 'Navi Mumbai', 'Maharashtra'),
(828, 'Nawapur', 'Maharashtra'),
(829, 'Nilanga', 'Maharashtra'),
(830, 'Osmanabad', 'Maharashtra'),
(831, 'Ozar', 'Maharashtra'),
(832, 'Pachora', 'Maharashtra'),
(833, 'Paithan', 'Maharashtra'),
(834, 'Palghar', 'Maharashtra'),
(835, 'Pandharkaoda', 'Maharashtra'),
(836, 'Pandharpur', 'Maharashtra'),
(837, 'Panvel', 'Maharashtra'),
(838, 'Parbhani', 'Maharashtra'),
(839, 'Parli', 'Maharashtra'),
(840, 'Parola', 'Maharashtra'),
(841, 'Partur', 'Maharashtra'),
(842, 'Pathardi', 'Maharashtra'),
(843, 'Pathri', 'Maharashtra'),
(844, 'Patur', 'Maharashtra'),
(845, 'Pauni', 'Maharashtra'),
(846, 'Pen', 'Maharashtra'),
(847, 'Phaltan', 'Maharashtra'),
(848, 'Pulgaon', 'Maharashtra'),
(849, 'Pune', 'Maharashtra'),
(850, 'Purna', 'Maharashtra'),
(851, 'Pusad', 'Maharashtra'),
(852, 'Rahuri', 'Maharashtra'),
(853, 'Rajura', 'Maharashtra'),
(854, 'Ramtek', 'Maharashtra'),
(855, 'Ratnagiri', 'Maharashtra'),
(856, 'Raver', 'Maharashtra'),
(857, 'Risod', 'Maharashtra'),
(858, 'Sailu', 'Maharashtra'),
(859, 'Sangamner', 'Maharashtra'),
(860, 'Sangli', 'Maharashtra'),
(861, 'Sangole', 'Maharashtra'),
(862, 'Sasvad', 'Maharashtra'),
(863, 'Satana', 'Maharashtra'),
(864, 'Satara', 'Maharashtra'),
(865, 'Savner', 'Maharashtra'),
(866, 'Sawantwadi', 'Maharashtra'),
(867, 'Shahade', 'Maharashtra'),
(868, 'Shegaon', 'Maharashtra'),
(869, 'Shendurjana', 'Maharashtra'),
(870, 'Shirdi', 'Maharashtra'),
(871, 'Shirpur-Warwade', 'Maharashtra'),
(872, 'Shirur', 'Maharashtra'),
(873, 'Shrigonda', 'Maharashtra'),
(874, 'Shrirampur', 'Maharashtra'),
(875, 'Sillod', 'Maharashtra'),
(876, 'Sinnar', 'Maharashtra'),
(877, 'Solapur', 'Maharashtra'),
(878, 'Soyagaon', 'Maharashtra'),
(879, 'Talegaon Dabhade', 'Maharashtra'),
(880, 'Talode', 'Maharashtra'),
(881, 'Tasgaon', 'Maharashtra'),
(882, 'Tirora', 'Maharashtra'),
(883, 'Tuljapur', 'Maharashtra'),
(884, 'Tumsar', 'Maharashtra'),
(885, 'Uran', 'Maharashtra'),
(886, 'Uran Islampur', 'Maharashtra'),
(887, 'Wadgaon Road', 'Maharashtra'),
(888, 'Wai', 'Maharashtra'),
(889, 'Wani', 'Maharashtra'),
(890, 'Wardha', 'Maharashtra'),
(891, 'Warora', 'Maharashtra'),
(892, 'Warud', 'Maharashtra'),
(893, 'Washim', 'Maharashtra'),
(894, 'Yevla', 'Maharashtra'),
(895, 'Uchgaon', 'Maharashtra'),
(896, 'Udgir', 'Maharashtra'),
(897, 'Umarga', 'Maharastra'),
(898, 'Umarkhed', 'Maharastra'),
(899, 'Umred', 'Maharastra'),
(900, 'Vadgaon Kasba', 'Maharastra'),
(901, 'Vaijapur', 'Maharastra'),
(902, 'Vasai', 'Maharastra'),
(903, 'Virar', 'Maharastra'),
(904, 'Vita', 'Maharastra'),
(905, 'Yavatmal', 'Maharastra'),
(906, 'Yawal', 'Maharastra'),
(907, 'Imphal', 'Manipur'),
(908, 'Kakching', 'Manipur'),
(909, 'Lilong', 'Manipur'),
(910, 'Mayang Imphal', 'Manipur'),
(911, 'Thoubal', 'Manipur'),
(912, 'Jowai', 'Meghalaya'),
(913, 'Nongstoin', 'Meghalaya'),
(914, 'Shillong', 'Meghalaya'),
(915, 'Tura', 'Meghalaya'),
(916, 'Aizawl', 'Mizoram'),
(917, 'Champhai', 'Mizoram'),
(918, 'Lunglei', 'Mizoram'),
(919, 'Saiha', 'Mizoram'),
(920, 'Dimapur', 'Nagaland'),
(921, 'Kohima', 'Nagaland'),
(922, 'Mokokchung', 'Nagaland'),
(923, 'Tuensang', 'Nagaland'),
(924, 'Wokha', 'Nagaland'),
(925, 'Zunheboto', 'Nagaland'),
(950, 'Anandapur', 'Orissa'),
(951, 'Anugul', 'Orissa'),
(952, 'Asika', 'Orissa'),
(953, 'Balangir', 'Orissa'),
(954, 'Balasore', 'Orissa'),
(955, 'Baleshwar', 'Orissa'),
(956, 'Bamra', 'Orissa'),
(957, 'Barbil', 'Orissa'),
(958, 'Bargarh', 'Orissa'),
(959, 'Bargarh', 'Orissa'),
(960, 'Baripada', 'Orissa'),
(961, 'Basudebpur', 'Orissa'),
(962, 'Belpahar', 'Orissa'),
(963, 'Bhadrak', 'Orissa'),
(964, 'Bhawanipatna', 'Orissa'),
(965, 'Bhuban', 'Orissa'),
(966, 'Bhubaneswar', 'Orissa'),
(967, 'Biramitrapur', 'Orissa'),
(968, 'Brahmapur', 'Orissa'),
(969, 'Brajrajnagar', 'Orissa'),
(970, 'Byasanagar', 'Orissa'),
(971, 'Cuttack', 'Orissa'),
(972, 'Debagarh', 'Orissa'),
(973, 'Dhenkanal', 'Orissa'),
(974, 'Gunupur', 'Orissa'),
(975, 'Hinjilicut', 'Orissa'),
(976, 'Jagatsinghapur', 'Orissa'),
(977, 'Jajapur', 'Orissa'),
(978, 'Jaleswar', 'Orissa'),
(979, 'Jatani', 'Orissa'),
(980, 'Jeypur', 'Orissa'),
(981, 'Jharsuguda', 'Orissa'),
(982, 'Joda', 'Orissa'),
(983, 'Kantabanji', 'Orissa'),
(984, 'Karanjia', 'Orissa'),
(985, 'Kendrapara', 'Orissa'),
(986, 'Kendujhar', 'Orissa'),
(987, 'Khordha', 'Orissa'),
(988, 'Koraput', 'Orissa'),
(989, 'Malkangiri', 'Orissa'),
(990, 'Nabarangapur', 'Orissa'),
(991, 'Paradip', 'Orissa'),
(992, 'Parlakhemundi', 'Orissa'),
(993, 'Pattamundai', 'Orissa'),
(994, 'Phulabani', 'Orissa'),
(995, 'Puri', 'Orissa'),
(996, 'Rairangpur', 'Orissa'),
(997, 'Rajagangapur', 'Orissa'),
(998, 'Raurkela', 'Orissa'),
(999, 'Rayagada', 'Orissa'),
(1000, 'Sambalpur', 'Orissa'),
(1001, 'Soro', 'Orissa'),
(1002, 'Sunabeda', 'Orissa'),
(1003, 'Sundargarh', 'Orissa'),
(1004, 'Talcher', 'Orissa'),
(1005, 'Titlagarh', 'Orissa'),
(1006, 'Umarkote', 'Orissa'),
(1007, 'Karaikal', 'Pondicherry'),
(1008, 'Mahe', 'Pondicherry'),
(1009, 'Pondicherry', 'Pondicherry'),
(1010, 'Yanam', 'Pondicherry'),
(1011, 'Ahmedgarh', 'Punjab'),
(1012, 'Amritsar', 'Punjab'),
(1013, 'Barnala', 'Punjab'),
(1014, 'Batala', 'Punjab'),
(1015, 'Bathinda', 'Punjab'),
(1016, 'Bhagha Purana', 'Punjab'),
(1017, 'Budhlada', 'Punjab'),
(1018, 'Chandigarh', 'Punjab'),
(1019, 'Dasua', 'Punjab'),
(1020, 'Dhuri', 'Punjab'),
(1021, 'Dinanagar', 'Punjab'),
(1022, 'Faridkot', 'Punjab'),
(1023, 'Fazilka', 'Punjab'),
(1024, 'Firozpur', 'Punjab'),
(1025, 'Firozpur Cantt.', 'Punjab'),
(1026, 'Giddarbaha', 'Punjab'),
(1027, 'Gobindgarh', 'Punjab'),
(1028, 'Gurdaspur', 'Punjab'),
(1029, 'Hoshiarpur', 'Punjab'),
(1030, 'Jagraon', 'Punjab'),
(1031, 'Jaitu', 'Punjab'),
(1032, 'Jalalabad', 'Punjab'),
(1033, 'Jalandhar', 'Punjab'),
(1034, 'Jalandhar Cantt.', 'Punjab'),
(1035, 'Jandiala', 'Punjab'),
(1036, 'Kapurthala', 'Punjab'),
(1037, 'Karoran', 'Punjab'),
(1038, 'Kartarpur', 'Punjab'),
(1039, 'Khanna', 'Punjab'),
(1040, 'Kharar', 'Punjab'),
(1041, 'Kot Kapura', 'Punjab'),
(1042, 'Kurali', 'Punjab'),
(1043, 'Longowal', 'Punjab'),
(1044, 'Ludhiana', 'Punjab'),
(1045, 'Malerkotla', 'Punjab'),
(1046, 'Malout', 'Punjab'),
(1047, 'Mansa', 'Punjab'),
(1048, 'Maur', 'Punjab'),
(1049, 'Moga', 'Punjab'),
(1050, 'Mohali', 'Punjab'),
(1051, 'Morinda', 'Punjab'),
(1052, 'Mukerian', 'Punjab'),
(1053, 'Muktsar', 'Punjab'),
(1054, 'Nabha', 'Punjab'),
(1055, 'Nakodar', 'Punjab'),
(1056, 'Nangal', 'Punjab'),
(1057, 'Nawanshahr', 'Punjab'),
(1058, 'Pathankot', 'Punjab'),
(1059, 'Patiala', 'Punjab'),
(1060, 'Patran', 'Punjab'),
(1061, 'Patti', 'Punjab'),
(1062, 'Phagwara', 'Punjab'),
(1063, 'Phillaur', 'Punjab'),
(1064, 'Qadian', 'Punjab'),
(1065, 'Raikot', 'Punjab'),
(1066, 'Rajpura', 'Punjab'),
(1067, 'Rampura Phul', 'Punjab'),
(1068, 'Rupnagar', 'Punjab'),
(1069, 'Samana', 'Punjab'),
(1070, 'Sangrur', 'Punjab'),
(1071, 'Sirhind Fatehgarh Sahib', 'Punjab'),
(1072, 'Sujanpur', 'Punjab'),
(1073, 'Sunam', 'Punjab'),
(1074, 'Talwara', 'Punjab'),
(1075, 'Tarn Taran', 'Punjab'),
(1076, 'Urmar Tanda', 'Punjab'),
(1077, 'Zira', 'Punjab'),
(1078, 'Zirakpur', 'Punjab'),
(1079, 'Bali', 'Rajasthan'),
(1080, 'Banswara', 'Rajastan'),
(1081, 'Ajmer', 'Rajasthan'),
(1082, 'Alwar', 'Rajasthan'),
(1083, 'Bandikui', 'Rajasthan'),
(1084, 'Baran', 'Rajasthan'),
(1085, 'Barmer', 'Rajasthan'),
(1086, 'Bikaner', 'Rajasthan'),
(1087, 'Fatehpur', 'Rajasthan'),
(1088, 'Jaipur', 'Rajasthan'),
(1089, 'Jaisalmer', 'Rajasthan'),
(1090, 'Jodhpur', 'Rajasthan'),
(1091, 'Kota', 'Rajasthan'),
(1092, 'Lachhmangarh', 'Rajasthan'),
(1093, 'Ladnu', 'Rajasthan'),
(1094, 'Lakheri', 'Rajasthan'),
(1095, 'Lalsot', 'Rajasthan'),
(1096, 'Losal', 'Rajasthan'),
(1097, 'Makrana', 'Rajasthan'),
(1098, 'Malpura', 'Rajasthan'),
(1099, 'Mandalgarh', 'Rajasthan'),
(1100, 'Mandawa', 'Rajasthan'),
(1101, 'Mangrol', 'Rajasthan'),
(1102, 'Merta City', 'Rajasthan'),
(1103, 'Mount Abu', 'Rajasthan'),
(1104, 'Nadbai', 'Rajasthan'),
(1105, 'Nagar', 'Rajasthan'),
(1106, 'Nagaur', 'Rajasthan'),
(1107, 'Nargund', 'Rajasthan'),
(1108, 'Nasirabad', 'Rajasthan'),
(1109, 'Nathdwara', 'Rajasthan'),
(1110, 'Navalgund', 'Rajasthan'),
(1111, 'Nawalgarh', 'Rajasthan'),
(1112, 'Neem-Ka-Thana', 'Rajasthan'),
(1113, 'Nelamangala', 'Rajasthan'),
(1114, 'Nimbahera', 'Rajasthan'),
(1115, 'Nipani', 'Rajasthan'),
(1116, 'Niwai', 'Rajasthan'),
(1117, 'Nohar', 'Rajasthan'),
(1118, 'Nokha', 'Rajasthan'),
(1119, 'Pali', 'Rajasthan'),
(1120, 'Phalodi', 'Rajasthan'),
(1121, 'Phulera', 'Rajasthan'),
(1122, 'Pilani', 'Rajasthan'),
(1123, 'Pilibanga', 'Rajasthan'),
(1124, 'Pindwara', 'Rajasthan'),
(1125, 'Pipar City', 'Rajasthan'),
(1126, 'Prantij', 'Rajasthan'),
(1127, 'Pratapgarh', 'Rajasthan'),
(1128, 'Raisinghnagar', 'Rajasthan'),
(1129, 'Rajakhera', 'Rajasthan'),
(1130, 'Rajaldesar', 'Rajasthan'),
(1131, 'Rajgarh (Alwar)', 'Rajasthan'),
(1132, 'Rajgarh (Churu', 'Rajasthan'),
(1133, 'Rajsamand', 'Rajasthan'),
(1134, 'Ramganj Mandi', 'Rajasthan'),
(1135, 'Ramngarh', 'Rajasthan'),
(1136, 'Ratangarh', 'Rajasthan'),
(1137, 'Rawatbhata', 'Rajasthan'),
(1138, 'Rawatsar', 'Rajasthan'),
(1139, 'Reengus', 'Rajasthan'),
(1140, 'Sadri', 'Rajasthan'),
(1141, 'Sadulshahar', 'Rajasthan'),
(1142, 'Sagwara', 'Rajasthan'),
(1143, 'Sambhar', 'Rajasthan'),
(1144, 'Sanchore', 'Rajasthan'),
(1145, 'Sangaria', 'Rajasthan'),
(1146, 'Sardarshahar', 'Rajasthan'),
(1147, 'Sawai Madhopur', 'Rajasthan'),
(1148, 'Shahpura', 'Rajasthan'),
(1149, 'Shahpura', 'Rajasthan'),
(1150, 'Sheoganj', 'Rajasthan'),
(1151, 'Sikar', 'Rajasthan'),
(1152, 'Sirohi', 'Rajasthan'),
(1153, 'Sojat', 'Rajasthan'),
(1154, 'Sri Madhopur', 'Rajasthan'),
(1155, 'Sujangarh', 'Rajasthan'),
(1156, 'Sumerpur', 'Rajasthan'),
(1157, 'Suratgarh', 'Rajasthan'),
(1158, 'Taranagar', 'Rajasthan'),
(1159, 'Todabhim', 'Rajasthan'),
(1160, 'Todaraisingh', 'Rajasthan'),
(1161, 'Tonk', 'Rajasthan'),
(1162, 'Udaipur', 'Rajasthan'),
(1163, 'Udaipurwati', 'Rajasthan'),
(1164, 'Vijainagar', 'Rajasthan'),
(1165, 'Gangtok', 'Sikkim'),
(1166, 'Calcutta', 'West Bengal'),
(1167, 'Arakkonam', 'Tamil Nadu'),
(1168, 'Arcot', 'Tamil Nadu'),
(1169, 'Aruppukkottai', 'Tamil Nadu'),
(1170, 'Bhavani', 'Tamil Nadu'),
(1171, 'Chengalpattu', 'Tamil Nadu'),
(1172, 'Chennai', 'Tamil Nadu'),
(1173, 'Chinna salem', 'Tamil nadu'),
(1174, 'Coimbatore', 'Tamil Nadu'),
(1175, 'Coonoor', 'Tamil Nadu'),
(1176, 'Cuddalore', 'Tamil Nadu'),
(1177, 'Dharmapuri', 'Tamil Nadu'),
(1178, 'Dindigul', 'Tamil Nadu'),
(1179, 'Erode', 'Tamil Nadu'),
(1180, 'Gudalur', 'Tamil Nadu'),
(1181, 'Gudalur', 'Tamil Nadu'),
(1182, 'Gudalur', 'Tamil Nadu'),
(1183, 'Kanchipuram', 'Tamil Nadu'),
(1184, 'Karaikudi', 'Tamil Nadu'),
(1185, 'Karungal', 'Tamil Nadu'),
(1186, 'Karur', 'Tamil Nadu'),
(1187, 'Kollankodu', 'Tamil Nadu'),
(1188, 'Lalgudi', 'Tamil Nadu'),
(1189, 'Madurai', 'Tamil Nadu'),
(1190, 'Nagapattinam', 'Tamil Nadu'),
(1191, 'Nagercoil', 'Tamil Nadu'),
(1192, 'Namagiripettai', 'Tamil Nadu'),
(1193, 'Namakkal', 'Tamil Nadu'),
(1194, 'Nandivaram-Guduvancheri', 'Tamil Nadu'),
(1195, 'Nanjikottai', 'Tamil Nadu'),
(1196, 'Natham', 'Tamil Nadu'),
(1197, 'Nellikuppam', 'Tamil Nadu'),
(1198, 'Neyveli', 'Tamil Nadu'),
(1199, 'O\' Valley', 'Tamil Nadu'),
(1200, 'Oddanchatram', 'Tamil Nadu'),
(1201, 'P.N.Patti', 'Tamil Nadu'),
(1202, 'Pacode', 'Tamil Nadu'),
(1203, 'Padmanabhapuram', 'Tamil Nadu'),
(1204, 'Palani', 'Tamil Nadu'),
(1205, 'Palladam', 'Tamil Nadu'),
(1206, 'Pallapatti', 'Tamil Nadu'),
(1207, 'Pallikonda', 'Tamil Nadu'),
(1208, 'Panagudi', 'Tamil Nadu'),
(1209, 'Panruti', 'Tamil Nadu'),
(1210, 'Paramakudi', 'Tamil Nadu'),
(1211, 'Parangipettai', 'Tamil Nadu'),
(1212, 'Pattukkottai', 'Tamil Nadu'),
(1213, 'Perambalur', 'Tamil Nadu'),
(1214, 'Peravurani', 'Tamil Nadu'),
(1215, 'Periyakulam', 'Tamil Nadu'),
(1216, 'Periyasemur', 'Tamil Nadu'),
(1217, 'Pernampattu', 'Tamil Nadu'),
(1218, 'Pollachi', 'Tamil Nadu'),
(1219, 'Polur', 'Tamil Nadu'),
(1220, 'Ponneri', 'Tamil Nadu'),
(1221, 'Pudukkottai', 'Tamil Nadu'),
(1222, 'Pudupattinam', 'Tamil Nadu'),
(1223, 'Puliyankudi', 'Tamil Nadu'),
(1224, 'Punjaipugalur', 'Tamil Nadu'),
(1225, 'Rajapalayam', 'Tamil Nadu'),
(1226, 'Ramanathapuram', 'Tamil Nadu'),
(1227, 'Rameshwaram', 'Tamil Nadu'),
(1228, 'Rasipuram', 'Tamil Nadu'),
(1229, 'Salem', 'Tamil Nadu'),
(1230, 'Sankarankoil', 'Tamil Nadu'),
(1231, 'Sankari', 'Tamil Nadu'),
(1232, 'Sathyamangalam', 'Tamil Nadu'),
(1233, 'Sattur', 'Tamil Nadu'),
(1234, 'Shenkottai', 'Tamil Nadu'),
(1235, 'Sholavandan', 'Tamil Nadu'),
(1236, 'Sholingur', 'Tamil Nadu'),
(1237, 'Sirkali', 'Tamil Nadu'),
(1238, 'Sivaganga', 'Tamil Nadu'),
(1239, 'Sivagiri', 'Tamil Nadu'),
(1240, 'Sivakasi', 'Tamil Nadu'),
(1241, 'Srivilliputhur', 'Tamil Nadu'),
(1242, 'Surandai', 'Tamil Nadu'),
(1243, 'Suriyampalayam', 'Tamil Nadu'),
(1244, 'Tenkasi', 'Tamil Nadu'),
(1245, 'Thammampatti', 'Tamil Nadu'),
(1246, 'Thanjavur', 'Tamil Nadu'),
(1247, 'Tharamangalam', 'Tamil Nadu'),
(1248, 'Tharangambadi', 'Tamil Nadu'),
(1249, 'Theni Allinagaram', 'Tamil Nadu'),
(1250, 'Thirumangalam', 'Tamil Nadu'),
(1251, 'Thirunindravur', 'Tamil Nadu'),
(1252, 'Thiruparappu', 'Tamil Nadu'),
(1253, 'Thirupuvanam', 'Tamil Nadu'),
(1254, 'Thiruthuraipoondi', 'Tamil Nadu'),
(1255, 'Thiruvallur', 'Tamil Nadu'),
(1256, 'Thiruvarur', 'Tamil Nadu'),
(1257, 'Thoothukudi', 'Tamil Nadu'),
(1258, 'Thuraiyur', 'Tamil Nadu'),
(1259, 'Tindivanam', 'Tamil Nadu'),
(1260, 'Tiruchendur', 'Tamil Nadu'),
(1261, 'Tiruchengode', 'Tamil Nadu'),
(1262, 'Tiruchirappalli', 'Tamil Nadu'),
(1263, 'Tirukalukundram', 'Tamil Nadu'),
(1264, 'Tirukkoyilur', 'Tamil Nadu'),
(1265, 'Tirunelveli', 'Tamil Nadu'),
(1266, 'Tirupathur', 'Tamil Nadu'),
(1267, 'Tirupathur', 'Tamil Nadu'),
(1268, 'Tiruppur', 'Tamil Nadu'),
(1269, 'Tiruttani', 'Tamil Nadu'),
(1270, 'Tiruvannamalai', 'Tamil Nadu'),
(1271, 'Tiruvethipuram', 'Tamil Nadu'),
(1272, 'Tittakudi', 'Tamil Nadu'),
(1273, 'Udhagamandalam', 'Tamil Nadu'),
(1274, 'Udumalaipettai', 'Tamil Nadu'),
(1275, 'Unnamalaikadai', 'Tamil Nadu'),
(1276, 'Usilampatti', 'Tamil Nadu'),
(1277, 'Uthamapalayam', 'Tamil Nadu'),
(1278, 'Uthiramerur', 'Tamil Nadu'),
(1279, 'Vadakkuvalliyur', 'Tamil Nadu'),
(1280, 'Vadalur', 'Tamil Nadu'),
(1281, 'Vadipatti', 'Tamil Nadu'),
(1282, 'Valparai', 'Tamil Nadu'),
(1283, 'Vandavasi', 'Tamil Nadu'),
(1284, 'Vaniyambadi', 'Tamil Nadu'),
(1285, 'Vedaranyam', 'Tamil Nadu'),
(1286, 'Vellakoil', 'Tamil Nadu'),
(1287, 'Vellore', 'Tamil Nadu'),
(1288, 'Vikramasingapuram', 'Tamil Nadu'),
(1289, 'Viluppuram', 'Tamil Nadu'),
(1290, 'Virudhachalam', 'Tamil Nadu'),
(1291, 'Virudhunagar', 'Tamil Nadu'),
(1292, 'Viswanatham', 'Tamil Nadu'),
(1293, 'Agartala', 'Tripura'),
(1294, 'Badharghat', 'Tripura'),
(1295, 'Dharmanagar', 'Tripura'),
(1296, 'Indranagar', 'Tripura'),
(1297, 'Jogendranagar', 'Tripura'),
(1298, 'Kailasahar', 'Tripura'),
(1299, 'Khowai', 'Tripura'),
(1300, 'Pratapgarh', 'Tripura'),
(1301, 'Udaipur', 'Tripura'),
(1302, 'Achhnera', 'Uttar Pradesh'),
(1303, 'Adari', 'Uttar Pradesh'),
(1304, 'Agra', 'Uttar Pradesh'),
(1305, 'Aligarh', 'Uttar Pradesh'),
(1306, 'Allahabad', 'Uttar Pradesh'),
(1307, 'Amroha', 'Uttar Pradesh'),
(1308, 'Azamgarh', 'Uttar Pradesh'),
(1309, 'Bahraich', 'Uttar Pradesh'),
(1310, 'Ballia', 'Uttar Pradesh'),
(1311, 'Balrampur', 'Uttar Pradesh'),
(1312, 'Banda', 'Uttar Pradesh'),
(1313, 'Bareilly', 'Uttar Pradesh'),
(1314, 'Chandausi', 'Uttar Pradesh'),
(1315, 'Dadri', 'Uttar Pradesh'),
(1316, 'Deoria', 'Uttar Pradesh'),
(1317, 'Etawah', 'Uttar Pradesh'),
(1318, 'Fatehabad', 'Uttar Pradesh'),
(1319, 'Fatehpur', 'Uttar Pradesh'),
(1320, 'Fatehpur', 'Uttar Pradesh'),
(1321, 'Greater Noida', 'Uttar Pradesh'),
(1322, 'Hamirpur', 'Uttar Pradesh'),
(1323, 'Hardoi', 'Uttar Pradesh'),
(1324, 'Jajmau', 'Uttar Pradesh'),
(1325, 'Jaunpur', 'Uttar Pradesh'),
(1326, 'Jhansi', 'Uttar Pradesh'),
(1327, 'Kalpi', 'Uttar Pradesh'),
(1328, 'Kanpur', 'Uttar Pradesh'),
(1329, 'Kota', 'Uttar Pradesh'),
(1330, 'Laharpur', 'Uttar Pradesh'),
(1331, 'Lakhimpur', 'Uttar Pradesh'),
(1332, 'Lal Gopalganj Nindaura', 'Uttar Pradesh'),
(1333, 'Lalganj', 'Uttar Pradesh'),
(1334, 'Lalitpur', 'Uttar Pradesh'),
(1335, 'Lar', 'Uttar Pradesh'),
(1336, 'Loni', 'Uttar Pradesh'),
(1337, 'Lucknow', 'Uttar Pradesh'),
(1338, 'Mathura', 'Uttar Pradesh'),
(1339, 'Meerut', 'Uttar Pradesh'),
(1340, 'Modinagar', 'Uttar Pradesh'),
(1341, 'Muradnagar', 'Uttar Pradesh'),
(1342, 'Nagina', 'Uttar Pradesh'),
(1343, 'Najibabad', 'Uttar Pradesh'),
(1344, 'Nakur', 'Uttar Pradesh'),
(1345, 'Nanpara', 'Uttar Pradesh'),
(1346, 'Naraura', 'Uttar Pradesh'),
(1347, 'Naugawan Sadat', 'Uttar Pradesh'),
(1348, 'Nautanwa', 'Uttar Pradesh'),
(1349, 'Nawabganj', 'Uttar Pradesh'),
(1350, 'Nehtaur', 'Uttar Pradesh'),
(1351, 'NOIDA', 'Uttar Pradesh'),
(1352, 'Noorpur', 'Uttar Pradesh'),
(1353, 'Obra', 'Uttar Pradesh'),
(1354, 'Orai', 'Uttar Pradesh'),
(1355, 'Padrauna', 'Uttar Pradesh'),
(1356, 'Palia Kalan', 'Uttar Pradesh'),
(1357, 'Parasi', 'Uttar Pradesh'),
(1358, 'Phulpur', 'Uttar Pradesh'),
(1359, 'Pihani', 'Uttar Pradesh'),
(1360, 'Pilibhit', 'Uttar Pradesh'),
(1361, 'Pilkhuwa', 'Uttar Pradesh'),
(1362, 'Powayan', 'Uttar Pradesh'),
(1363, 'Pukhrayan', 'Uttar Pradesh'),
(1364, 'Puranpur', 'Uttar Pradesh'),
(1365, 'Purquazi', 'Uttar Pradesh'),
(1366, 'Purwa', 'Uttar Pradesh'),
(1367, 'Rae Bareli', 'Uttar Pradesh'),
(1368, 'Rampur', 'Uttar Pradesh'),
(1369, 'Rampur Maniharan', 'Uttar Pradesh'),
(1370, 'Rasra', 'Uttar Pradesh'),
(1371, 'Rath', 'Uttar Pradesh'),
(1372, 'Renukoot', 'Uttar Pradesh'),
(1373, 'Reoti', 'Uttar Pradesh'),
(1374, 'Robertsganj', 'Uttar Pradesh'),
(1375, 'Rudauli', 'Uttar Pradesh'),
(1376, 'Rudrapur', 'Uttar Pradesh'),
(1377, 'Sadabad', 'Uttar Pradesh'),
(1378, 'Safipur', 'Uttar Pradesh'),
(1379, 'Saharanpur', 'Uttar Pradesh'),
(1380, 'Sahaspur', 'Uttar Pradesh'),
(1381, 'Sahaswan', 'Uttar Pradesh'),
(1382, 'Sahawar', 'Uttar Pradesh'),
(1383, 'Sahjanwa', 'Uttar Pradesh'),
(1384, 'Saidpur', ' Ghazipur'),
(1385, 'Sambhal', 'Uttar Pradesh'),
(1386, 'Samdhan', 'Uttar Pradesh'),
(1387, 'Samthar', 'Uttar Pradesh'),
(1388, 'Sandi', 'Uttar Pradesh'),
(1389, 'Sandila', 'Uttar Pradesh'),
(1390, 'Sardhana', 'Uttar Pradesh'),
(1391, 'Seohara', 'Uttar Pradesh'),
(1392, 'Shahabad', ' Hardoi'),
(1393, 'Shahabad', ' Rampur'),
(1394, 'Shahganj', 'Uttar Pradesh'),
(1395, 'Shahjahanpur', 'Uttar Pradesh'),
(1396, 'Shamli', 'Uttar Pradesh'),
(1397, 'Shamsabad', ' Agra'),
(1398, 'Shamsabad', ' Farrukhabad'),
(1399, 'Sherkot', 'Uttar Pradesh'),
(1400, 'Shikarpur', ' Bulandshahr'),
(1401, 'Shikohabad', 'Uttar Pradesh'),
(1402, 'Shishgarh', 'Uttar Pradesh'),
(1403, 'Siana', 'Uttar Pradesh'),
(1404, 'Sikanderpur', 'Uttar Pradesh'),
(1405, 'Sikandra Rao', 'Uttar Pradesh'),
(1406, 'Sikandrabad', 'Uttar Pradesh'),
(1407, 'Sirsaganj', 'Uttar Pradesh'),
(1408, 'Sirsi', 'Uttar Pradesh'),
(1409, 'Sitapur', 'Uttar Pradesh'),
(1410, 'Soron', 'Uttar Pradesh'),
(1411, 'Suar', 'Uttar Pradesh'),
(1412, 'Sultanpur', 'Uttar Pradesh'),
(1413, 'Sumerpur', 'Uttar Pradesh'),
(1414, 'Tanda', 'Uttar Pradesh'),
(1415, 'Tanda', 'Uttar Pradesh'),
(1416, 'Tetri Bazar', 'Uttar Pradesh'),
(1417, 'Thakurdwara', 'Uttar Pradesh'),
(1418, 'Thana Bhawan', 'Uttar Pradesh'),
(1419, 'Tilhar', 'Uttar Pradesh'),
(1420, 'Tirwaganj', 'Uttar Pradesh'),
(1421, 'Tulsipur', 'Uttar Pradesh'),
(1422, 'Tundla', 'Uttar Pradesh'),
(1423, 'Unnao', 'Uttar Pradesh'),
(1424, 'Utraula', 'Uttar Pradesh'),
(1425, 'Varanasi', 'Uttar Pradesh'),
(1426, 'Vrindavan', 'Uttar Pradesh'),
(1427, 'Warhapur', 'Uttar Pradesh'),
(1428, 'Zaidpur', 'Uttar Pradesh'),
(1429, 'Zamania', 'Uttar Pradesh'),
(1430, 'Almora', 'Uttarakhand'),
(1431, 'Bazpur', 'Uttarakhand'),
(1432, 'Chamba', 'Uttarakhand'),
(1433, 'Dehradun', 'Uttarakhand'),
(1434, 'Haldwani', 'Uttarakhand'),
(1435, 'Haridwar', 'Uttarakhand'),
(1436, 'Jaspur', 'Uttarakhand'),
(1437, 'Kashipur', 'Uttarakhand'),
(1438, 'kichha', 'Uttarakhand'),
(1439, 'Kotdwara', 'Uttarakhand'),
(1440, 'Manglaur', 'Uttarakhand'),
(1441, 'Mussoorie', 'Uttarakhand'),
(1442, 'Nagla', 'Uttarakhand'),
(1443, 'Nainital', 'Uttarakhand'),
(1444, 'Pauri', 'Uttarakhand'),
(1445, 'Pithoragarh', 'Uttarakhand'),
(1446, 'Ramnagar', 'Uttarakhand'),
(1447, 'Rishikesh', 'Uttarakhand'),
(1448, 'Roorkee', 'Uttarakhand'),
(1449, 'Rudrapur', 'Uttarakhand'),
(1450, 'Sitarganj', 'Uttarakhand'),
(1451, 'Tehri', 'Uttarakhand'),
(1452, 'Muzaffarnagar', 'Uttar Pradesh'),
(1453, 'Adra', ' Purulia'),
(1454, 'Alipurduar', 'West Bengal'),
(1455, 'Arambagh', 'West Bengal'),
(1456, 'Asansol', 'West Bengal'),
(1457, 'Baharampur', 'West Bengal'),
(1458, 'Bally', 'West Bengal'),
(1459, 'Balurghat', 'West Bengal'),
(1460, 'Bankura', 'West Bengal'),
(1461, 'Barakar', 'West Bengal'),
(1462, 'Barasat', 'West Bengal'),
(1463, 'Bardhaman', 'West Bengal'),
(1464, 'Bidhan Nagar', 'West Bengal'),
(1465, 'Chinsura', 'West Bengal'),
(1466, 'Contai', 'West Bengal'),
(1467, 'Cooch Behar', 'West Bengal'),
(1468, 'Darjeeling', 'West Bengal'),
(1469, 'Durgapur', 'West Bengal'),
(1470, 'Haldia', 'West Bengal'),
(1471, 'Howrah', 'West Bengal'),
(1472, 'Islampur', 'West Bengal'),
(1473, 'Jhargram', 'West Bengal'),
(1474, 'Kharagpur', 'West Bengal'),
(1475, 'Kolkata', 'West Bengal'),
(1476, 'Mainaguri', 'West Bengal'),
(1477, 'Mal', 'West Bengal'),
(1478, 'Mathabhanga', 'West Bengal'),
(1479, 'Medinipur', 'West Bengal'),
(1480, 'Memari', 'West Bengal'),
(1481, 'Monoharpur', 'West Bengal'),
(1482, 'Murshidabad', 'West Bengal'),
(1483, 'Nabadwip', 'West Bengal'),
(1484, 'Naihati', 'West Bengal'),
(1485, 'Panchla', 'West Bengal'),
(1486, 'Pandua', 'West Bengal'),
(1487, 'Paschim Punropara', 'West Bengal'),
(1488, 'Purulia', 'West Bengal'),
(1489, 'Raghunathpur', 'West Bengal'),
(1490, 'Raiganj', 'West Bengal'),
(1491, 'Rampurhat', 'West Bengal'),
(1492, 'Ranaghat', 'West Bengal'),
(1493, 'Sainthia', 'West Bengal'),
(1494, 'Santipur', 'West Bengal'),
(1495, 'Siliguri', 'West Bengal'),
(1496, 'Sonamukhi', 'West Bengal'),
(1497, 'Srirampore', 'West Bengal'),
(1498, 'Suri', 'West Bengal'),
(1499, 'Taki', 'West Bengal'),
(1500, 'Tamluk', 'West Bengal'),
(1501, 'Tarakeswar', 'West Bengal'),
(1502, 'Chikmagalur', 'Karnataka'),
(1503, 'Davanagere', 'Karnataka'),
(1504, 'Dharwad', 'Karnataka'),
(1505, 'Gadag', 'Karnataka'),
(1506, 'Chennai', 'Tamil Nadu'),
(1507, 'Coimbatore', 'Tamil Nadu');

-- --------------------------------------------------------

--
-- Table structure for table `contact_us`
--

CREATE TABLE `contact_us` (
  `id` int(150) NOT NULL,
  `name` varchar(250) NOT NULL,
  `email` varchar(150) NOT NULL,
  `subject` varchar(250) NOT NULL,
  `comments` text NOT NULL
) ENGINE=InnoDB DEFAULT CHARSET=latin1;

--
-- Dumping data for table `contact_us`
--

INSERT INTO `contact_us` (`id`, `name`, `email`, `subject`, `comments`) VALUES
(1, 'Testing', 'testing@gmail.com', 'sample contact', 'dddddddddddddddddddddd'),
(2, 'S Vinesh', 'svinesh3691@gmail.com', 'Test', 'Test test test'),
(3, 'sample', 'sample@gmail.com', 'Test', 'Tester'),
(4, 'sample', 'sample@gmail.com', 'Ghsjd', 'Hshdjd'),
(5, 'S Vinesh', 'svinesh3691@gmail.com', 'Hh', 'Bjj'),
(6, 'S Vinesh', 'svinesh3691@gmail.com', 'Sjsjsk', 'Jkdidi'),
(7, 'Aravind', 'aravind.mohan82@yahoo.com', 'Hi test', 'Test');

-- --------------------------------------------------------

--
-- Table structure for table `employee_details`
--

CREATE TABLE `employee_details` (
  `eid` int(11) NOT NULL,
  `vid` int(50) NOT NULL,
  `employee_id` int(50) NOT NULL,
  `staff_name` varchar(255) NOT NULL,
  `staff_address` varchar(255) NOT NULL,
  `skills` varchar(255) NOT NULL,
  `image` varchar(50) NOT NULL,
  `address_image` varchar(100) NOT NULL,
  `pan_image` varchar(100) NOT NULL,
  `company_image` varchar(100) NOT NULL,
  `aadhar_image` varchar(100) NOT NULL,
  `experience` varchar(255) NOT NULL,
  `created_at` datetime NOT NULL DEFAULT CURRENT_TIMESTAMP,
  `updated_at` datetime NOT NULL
) ENGINE=InnoDB DEFAULT CHARSET=latin1;

--
-- Dumping data for table `employee_details`
--

INSERT INTO `employee_details` (`eid`, `vid`, `employee_id`, `staff_name`, `staff_address`, `skills`, `image`, `address_image`, `pan_image`, `company_image`, `aadhar_image`, `experience`, `created_at`, `updated_at`) VALUES
(1, 12, 12345567, 'test1', 'trichy', 'service', '123.jpg', '11.jpg', '11.jpg', 'business-man-2356422_960_720.png', 'th.jpg', '2 year', '2018-09-10 17:01:07', '0000-00-00 00:00:00'),
(2, 12, 234565, 'test2', 'chennai', 'servicetest', '111.jpg', 'th123.jpg', 'th33.jpg', 'th22.jpg', 'th123.jpg', '3 years', '2018-09-10 17:03:53', '0000-00-00 00:00:00'),
(3, 12, 4654554, 'test33', 'madurai', 'servicetest1', '03-img-02.jpg', 'th123.jpg', '222.jpg', 'th33.jpg', 'th.jpg', '4 years', '2018-09-10 17:15:32', '0000-00-00 00:00:00'),
(4, 12, 3434432, 'test56', 'tricy', 'servicetest12', 'th.jpg', 'th33.jpg', '14.jpg', '20.jpg', '24.jpg', '5', '2018-09-10 17:38:32', '0000-00-00 00:00:00'),
(5, 11, 2147483647, 'te4st23332323', '2323', 'df', '2016-10-27-1477586294-6421376-children.jpg', '09.jpg', '9706739bf62f22a9ab237a26659c38bc.jpg', '5.jpg', '7631848_orig.gif', 'fdsf', '2018-09-10 17:40:39', '0000-00-00 00:00:00');

-- --------------------------------------------------------

--
-- Table structure for table `services`
--

CREATE TABLE `services` (
  `sid` int(11) NOT NULL,
  `main_category_id` int(10) NOT NULL,
  `category_id` int(10) NOT NULL,
  `services` varchar(100) NOT NULL,
  `price` decimal(50,2) NOT NULL,
  `additonal_cost` decimal(50,2) NOT NULL,
  `parameter` varchar(100) NOT NULL,
  `image` varchar(100) NOT NULL,
  `description` text NOT NULL,
  `terms_conditions` text NOT NULL,
  `created_at` datetime NOT NULL DEFAULT CURRENT_TIMESTAMP,
  `updated_at` varchar(50) DEFAULT NULL
) ENGINE=InnoDB DEFAULT CHARSET=latin1;

--
-- Dumping data for table `services`
--

INSERT INTO `services` (`sid`, `main_category_id`, `category_id`, `services`, `price`, `additonal_cost`, `parameter`, `image`, `description`, `terms_conditions`, `created_at`, `updated_at`) VALUES
(1, 1, 1, 'ELECTRICIAN', '20.00', '100.00', 'Per Hour', '', 'Pharetra nostra pulvinar erat per pede tempus. Platea at aliquam. Rhoncus tincidunt aptent. Sociosqu Rhoncus arcu sem proin sollicitudin vel porta mauris. Accumsan eu vestibulum eu arcu elit nec non egestas nisi cras ut enim mollis leo sociosqu torquent turpis blandit proin mattis sit aliquam tempus class purus velit. Orci.', 'Hymenaeos pulvinar. Magna class curae; ullamcorper commodo. Vitae dis justo torquent massa facilisis mattis senectus, netus id proin laoreet tellus nunc nam mus ornare leo blandit, nibh libero. Lectus morbi proin elementum laoreet velit at dis nam congue. Porta praesent ut id. Elit varius tellus sed. Morbi nec habitant non.', '2018-08-10 16:16:51', NULL),
(2, 1, 1, 'PLUMBER', '10.00', '0.00', '', '', 'Hymenaeos pulvinar. Magna class curae; ullamcorper commodo. Vitae dis justo torquent massa facilisis mattis senectus, netus id proin laoreet tellus nunc nam mus ornare leo blandit, nibh libero. Lectus morbi proin elementum laoreet velit at dis nam congue. Porta praesent ut id. Elit varius tellus sed.', ' Morbi nec habitant non.', '2018-08-10 16:16:51', NULL),
(3, 1, 1, 'PEST CONTTROL', '15.00', '0.00', '', '', 'Erat dictumst litora ut nibh massa. In, orci lobortis at varius velit habitant elit tempus.', 'Ipsum per et magna. Amet facilisi adipiscing molestie Libero tincidunt in enim Netus, neque risus mauris mi risus.', '2018-08-10 16:16:51', NULL),
(4, 1, 1, 'RO AND WATER PURIFIER REPAIR', '55.00', '0.00', '', '', 'Cubilia suscipit primis interdum libero blandit tempor velit nisl per montes, amet. Habitant potenti egestas rhoncus ultricies, ligula. Risus rhoncus dictum faucibus tempor natoque cursus.', 'Ultrices montes quam id viverra hac massa mollis sed mauris euismod, cras. Sollicitudin. Consequat convallis ante pellentesque inceptos mi tortor lobortis aliquam sagittis donec, curabitur.', '2018-08-10 16:16:51', NULL),
(5, 1, 1, 'AC REPAIR SERVICE', '60.00', '0.00', '', '', ' Euismod pharetra facilisis cum, ante sit vitae, non inceptos Nam nam viverra mi cubilia ultrices.', ' Vivamus. Magnis purus. Ante sociosqu sed. Mattis vel, phasellus mattis taciti urna sagittis platea libero. Tellus nonummy. Ullamcorper ut.', '2018-08-10 16:16:51', NULL),
(6, 1, 1, 'PAINTER', '220.00', '0.00', '', '', ' Mauris vulputate ad proin eleifend. Volutpat dapibus nec curae; quam eleifend est phasellus gravida rhoncus quisque viverra sollicitudin. Parturient donec auctor. Ultricies, duis hendrerit litora.', 'Inceptos aptent. Risus mollis ipsum rutrum neque ultricies quis cum congue dolor dis sit natoque elementum felis mollis sem consequat, nisl risus condimentum ullamcorper.', '2018-08-10 16:16:51', NULL),
(7, 1, 1, 'CARPENTER', '350.00', '0.00', '', '', 'Lacinia id habitant. Quam pulvinar curabitur tempor ac. Viverra eleifend suspendisse. Pede ultricies. Cras.', ' Vel lacus id Magnis. Venenatis torquent libero dictum hendrerit lacinia dictumst, sociis mauris tristique Torquent accumsan ornare morbi justo magnis.', '2018-08-10 16:16:51', NULL),
(8, 1, 1, 'BATHROOM CLEANING', '10.00', '0.00', '', '', '', '', '2018-08-10 16:16:51', NULL),
(9, 1, 1, 'REFRIGERATOR REPAIR', '0.00', '0.00', '', '', '', '', '2018-08-10 16:16:51', NULL),
(10, 1, 1, 'TELEVISION INSTALATION', '0.00', '0.00', '', '', '', '', '2018-08-10 16:16:51', NULL),
(11, 1, 1, 'MICROWAVE REPAIR', '0.00', '0.00', '', '', '', '', '2018-08-10 16:19:15', NULL),
(12, 1, 1, 'WASHING MACHINE REPAIR', '0.00', '0.00', '', '', '', '', '2018-08-10 16:19:15', NULL),
(13, 1, 1, 'LAPTOP AND COMPUTER REPAIR', '0.00', '0.00', '', '', '', '', '2018-08-10 16:19:15', NULL),
(14, 1, 1, 'ALUMINIUM WORK', '0.00', '0.00', '', '', '', '', '2018-08-10 16:19:15', NULL),
(15, 1, 1, 'BUILD AND RENOVATE', '0.00', '0.00', '', '', '', '', '2018-08-10 16:19:15', NULL),
(16, 1, 1, 'CARPETT CLEANING', '0.00', '0.00', '', '', '', '', '2018-08-10 16:19:15', NULL),
(17, 1, 1, 'CHIMMNEY REPAIR', '0.00', '0.00', '', '', '', '', '2018-08-10 16:19:15', NULL),
(18, 1, 1, 'DOG TRAINER', '0.00', '0.00', '', '', '', '', '2018-08-10 16:19:15', NULL),
(19, 1, 1, 'DRIVER ON CALL', '0.00', '0.00', '', '', '', '', '2018-08-10 16:19:15', NULL),
(20, 1, 1, 'FALSE CEILING AND POP', '0.00', '0.00', '', '', '', '', '2018-08-10 16:19:15', NULL),
(21, 1, 1, 'GARDENER', '0.00', '0.00', '', '', '', '', '2018-08-10 16:21:03', NULL),
(22, 1, 1, 'FURNITURE REPAIRE', '0.00', '0.00', '', '', '', '', '2018-08-10 16:21:03', NULL),
(23, 1, 1, 'GLASS WORK', '0.00', '0.00', '', '', '', '', '2018-08-10 16:21:03', NULL),
(24, 1, 1, 'HOME CLEANING', '0.00', '0.00', '', '', '', '', '2018-08-10 16:21:03', NULL),
(25, 1, 1, 'INTERION DESIGNERS', '0.00', '0.00', '', '', '', '', '2018-08-10 16:21:03', NULL),
(26, 1, 1, 'IORN WORK', '0.00', '0.00', '', '', '', '', '2018-08-10 16:21:03', NULL),
(27, 1, 1, 'KITCHEN CLEANING', '0.00', '0.00', '', '', '', '', '2018-08-10 16:21:03', NULL),
(28, 1, 1, 'MARBLE SCRUBING', '0.00', '0.00', '', '', '', '', '2018-08-10 16:21:03', NULL),
(29, 1, 1, 'MODULAR KITCHEN', '0.00', '0.00', '', '', '', '', '2018-08-10 16:21:03', NULL),
(30, 1, 1, 'SOFA CLEANING', '0.00', '0.00', '', '', '', '', '2018-08-10 16:21:03', NULL),
(31, 1, 1, 'TILE CLEANING', '0.00', '0.00', '', '', '', '', '2018-08-10 16:22:44', NULL),
(32, 1, 1, 'UTENSILES REPAIR', '0.00', '0.00', '', '', '', '', '2018-08-10 16:22:44', NULL),
(33, 1, 1, 'VASTHU CONSULTANT', '0.00', '0.00', '', '', '', '', '2018-08-10 16:22:44', NULL),
(34, 1, 1, 'WATER PROOFING', '0.00', '0.00', '', '', '', '', '2018-08-10 16:22:44', NULL),
(35, 1, 1, 'WATER TANK CLEANING', '0.00', '0.00', '', '', '', '', '2018-08-10 16:22:44', NULL),
(36, 1, 1, 'WOOD WORK', '0.00', '0.00', '', '', '', '', '2018-08-10 16:22:44', NULL),
(37, 1, 1, 'INVERTER REPAIR', '0.00', '0.00', '', '', '', '', '2018-08-10 16:22:44', NULL),
(38, 1, 1, 'CAR WHEEL BALANCING', '0.00', '0.00', '', '', '', '', '2018-08-10 16:22:44', NULL),
(39, 1, 1, 'CAR DRY CLEANING', '0.00', '0.00', '', '', '', '', '2018-08-10 16:22:44', NULL),
(40, 1, 1, 'CAR REPAIR', '0.00', '0.00', '', '', '', '', '2018-08-10 16:22:44', NULL),
(41, 1, 1, 'GEYCER REPAIR', '0.00', '0.00', '', '', '', '', '2018-08-10 16:23:46', NULL),
(42, 1, 1, 'DRY CLEANING & LAUNDRY', '0.00', '0.00', '', '', '', '', '2018-08-10 16:23:46', NULL),
(43, 1, 1, 'CURTAINS AND BLINDS', '0.00', '0.00', '', '', '', '', '2018-08-10 16:23:46', NULL),
(44, 1, 1, 'DECO LIGHTS', '0.00', '0.00', '', '', '', '', '2018-08-10 16:23:46', NULL),
(45, 1, 1, 'AIR TICKET BOOKING', '0.00', '0.00', '', '', '', '', '2018-08-10 16:23:46', NULL),
(46, 1, 1, 'PIGEON NET', '0.00', '0.00', '', '', '', '', '2018-08-10 16:23:46', NULL),
(47, 1, 2, 'FRENCH CLASSES', '0.00', '0.00', '', '', '', '', '2018-08-10 16:25:44', NULL),
(48, 1, 2, 'HOME TUTOR', '0.00', '0.00', '', '', '', '', '2018-08-10 16:25:44', NULL),
(49, 1, 2, 'MATTHS TEACHE', '0.00', '0.00', '', '', '', '', '2018-08-10 16:25:44', NULL),
(50, 1, 2, 'SCINCE TEACH', '0.00', '0.00', '', '', '', '', '2018-08-10 16:25:44', NULL),
(51, 1, 2, 'MUSIC CLASS', '0.00', '0.00', '', '', '', '', '2018-08-10 16:25:44', NULL),
(52, 1, 2, 'DANCE CLASS', '0.00', '0.00', '', '', '', '', '2018-08-10 16:25:54', NULL),
(53, 2, 3, 'PARTY MAKEUP', '0.00', '0.00', '', '', '', '', '2018-08-10 16:38:03', NULL),
(54, 2, 3, 'SPA AT HOME', '0.00', '0.00', '', '', '', '', '2018-08-10 16:38:03', NULL),
(55, 2, 3, 'DIETICIAN', '0.00', '0.00', '', '', '', '', '2018-08-10 16:38:03', NULL),
(56, 2, 3, 'YOGA TRAINER AT HOME', '0.00', '0.00', '', '', '', '', '2018-08-10 16:38:03', NULL),
(57, 2, 3, 'PHYSTO THERAPY AT HOME', '0.00', '0.00', '', '', '', '', '2018-08-10 16:38:03', NULL),
(58, 2, 3, 'SALON AT HOME', '0.00', '0.00', '', '', '', '', '2018-08-10 16:38:03', NULL),
(59, 2, 3, 'MEHANDI ARTIST', '0.00', '0.00', '', '', '', '', '2018-08-10 16:38:03', NULL),
(60, 2, 3, 'FITNES TRAINER', '0.00', '0.00', '', '', '', '', '2018-08-10 16:38:03', NULL),
(61, 2, 3, 'KARATE TRAINER', '0.00', '0.00', '', '', '', '', '2018-08-10 16:38:03', NULL),
(62, 2, 3, 'LAB TEST AT HOME', '0.00', '0.00', '', '', '', '', '2018-08-10 16:38:03', NULL),
(63, 2, 3, 'ZUMBA FITNESS CLASSES', '0.00', '0.00', '', '', '', '', '2018-08-10 16:38:33', NULL),
(64, 2, 3, 'NURSE FORM', '0.00', '0.00', '', '', '', '', '2018-08-10 16:38:33', NULL),
(65, 2, 3, 'MEDI EQUIPMENTS ON RENT', '0.00', '0.00', '', '', '', '', '2018-08-10 16:38:39', NULL),
(66, 2, 4, 'BIOMETRIC ATTENDANCE', '0.00', '0.00', '', '', '', '', '2018-08-10 16:55:07', NULL),
(67, 2, 4, 'CCTV CAMERA', '0.00', '0.00', '', '', '', '', '2018-08-10 16:55:07', NULL),
(68, 2, 4, 'CHARTED ACCOUNT', '0.00', '0.00', '', '', '', '', '2018-08-10 16:55:07', NULL),
(69, 2, 4, 'COMMERCIAL PEST CONTROL', '0.00', '0.00', '', '', '', '', '2018-08-10 16:55:07', NULL),
(70, 2, 4, 'COMPANY REGISTRATION', '0.00', '0.00', '', '', '', '', '2018-08-10 16:55:07', NULL),
(71, 2, 4, 'COMPUTER AMC', '0.00', '0.00', '', '', '', '', '2018-08-10 16:55:07', NULL),
(72, 2, 4, 'ELECTRONIC LOCK INSTALATION', '0.00', '0.00', '', '', '', '', '2018-08-10 16:55:07', NULL),
(73, 2, 4, 'FURNITURE RENAIR', '0.00', '0.00', '', '', '', '', '2018-08-10 16:55:07', NULL),
(74, 2, 4, 'PACKERS AND MOVERS', '0.00', '0.00', '', '', '', '', '2018-08-10 16:55:07', NULL),
(75, 2, 4, 'CIVIL LAWYER', '0.00', '0.00', '', '', '', '', '2018-08-10 16:55:07', NULL),
(76, 2, 4, 'DIGITAL MARKETING', '0.00', '0.00', '', '', '', '', '2018-08-10 16:55:07', NULL),
(77, 2, 4, 'PAN CARD', '0.00', '0.00', '', '', '', '', '2018-08-10 16:55:07', NULL),
(78, 2, 4, 'EMAIL MARKETING', '0.00', '0.00', '', '', '', '', '2018-08-10 16:55:07', NULL),
(79, 2, 4, 'GRAPHIC DESIGNER', '0.00', '0.00', '', '', '', '', '2018-08-10 16:55:07', NULL),
(80, 2, 4, 'MOBILE APP DEVELOPERS', '0.00', '0.00', '', '', '', '', '2018-08-10 16:55:07', NULL),
(81, 2, 4, 'WEB DEVELOPERS', '0.00', '0.00', '', '', '', '', '2018-08-10 16:55:07', NULL),
(82, 2, 4, 'LOGO DESIGNER', '0.00', '0.00', '', '', '', '', '2018-08-10 16:55:07', NULL),
(83, 2, 4, 'CRIMINAL LAWYER', '0.00', '0.00', '', '', '', '', '2018-08-10 16:55:07', NULL),
(84, 2, 4, 'MATRI MONAL DISPUTE LAWYER', '0.00', '0.00', '', '', '', '', '2018-08-10 16:55:07', NULL),
(85, 2, 4, 'INTELECTUL PROPERTY LAWYER', '0.00', '0.00', '', '', '', '', '2018-08-10 16:55:07', NULL),
(86, 2, 4, 'IT RETURN FILING', '0.00', '0.00', '', '', '', '', '2018-08-10 16:57:53', NULL),
(87, 2, 4, 'BOOK KEEPING', '0.00', '0.00', '', '', '', '', '2018-08-10 16:57:53', NULL),
(88, 2, 4, 'RUBER STAMPS', '0.00', '0.00', '', '', '', '', '2018-08-10 16:58:08', NULL),
(89, 2, 5, 'GENERAL INSURANCE', '0.00', '0.00', '', '', '', '', '2018-08-10 17:00:11', NULL),
(90, 2, 5, 'HEALTH INSURANCE', '0.00', '0.00', '', '', '', '', '2018-08-10 17:00:11', NULL),
(91, 2, 5, 'LIFE INSURANCE', '0.00', '0.00', '', '', '', '', '2018-08-10 17:00:11', NULL),
(92, 2, 5, 'VEHICLE INSURANCE', '0.00', '0.00', '', '', '', '', '2018-08-10 17:00:11', NULL),
(93, 2, 5, 'CREDIT CARD', '0.00', '0.00', '', '', '', '', '2018-08-10 17:00:11', NULL),
(94, 2, 5, 'HOME LOAN', '0.00', '0.00', '', '', '', '', '2018-08-10 17:00:34', NULL),
(95, 2, 5, 'LOAN AGAINST PROPERTY', '0.00', '0.00', '', '', '', '', '2018-08-10 17:00:34', NULL),
(96, 2, 5, 'PERSONAL LOAN', '0.00', '0.00', '', '', '', '', '2018-08-10 17:00:48', NULL),
(97, 2, 6, 'ASTROLOGER', '0.00', '0.00', '', '', '', '', '2018-08-10 17:02:43', NULL),
(98, 2, 6, 'BIRTHDAY PARTY PALANNER', '0.00', '0.00', '', '', '', '', '2018-08-10 17:02:43', NULL),
(99, 2, 6, 'BRIDAL MEHANDI ARTIST', '0.00', '0.00', '', '', '', '', '2018-08-10 17:02:43', NULL),
(100, 2, 6, 'CATERERS', '0.00', '0.00', '', '', '', '', '2018-08-10 17:02:43', NULL),
(101, 2, 6, 'DECORATORS', '0.00', '0.00', '', '', '', '', '2018-08-10 17:02:43', NULL),
(102, 2, 6, 'DJ', '0.00', '0.00', '', '', '', '', '2018-08-10 17:02:43', NULL),
(103, 2, 6, 'FLORISTS', '0.00', '0.00', '', '', '', '', '2018-08-10 17:02:43', NULL),
(104, 2, 6, 'LIVE MUSICIANS', '0.00', '0.00', '', '', '', '', '2018-08-10 17:02:43', NULL),
(105, 2, 6, 'PANDITT FOR POOTA', '0.00', '0.00', '', '', '', '', '2018-08-10 17:02:43', NULL),
(106, 2, 6, 'BEAUTICIAN', '0.00', '0.00', '', '', '', '', '2018-08-10 17:02:43', NULL),
(107, 2, 6, 'PHOTOGRAPHER', '100.00', '500.00', 'Per Hour', 'upload/services/testimage.png', 'test', 'test', '2018-08-10 17:02:54', 'CURRENT_TIMESTAMP'),
(108, 2, 7, 'AC ON RENT', '0.00', '0.00', '', '', '', '', '2018-08-10 17:04:22', NULL),
(109, 2, 7, 'BUY AND SELL PROPERTY', '0.00', '0.00', '', '', '', '', '2018-08-10 17:04:22', NULL),
(110, 2, 7, 'RENT A HOME', '0.00', '0.00', '', '', '', '', '2018-08-10 17:04:22', NULL),
(111, 2, 7, 'FURNITURE ON RENT', '0.00', '0.00', '', '', '', '', '2018-08-10 17:04:22', NULL),
(112, 2, 7, 'OLD AC FOR PURCHASE AND SELL', '0.00', '0.00', '', '', '', '', '2018-08-10 17:04:22', NULL),
(113, 2, 7, 'REFRIGERATOR ON RENT', '0.00', '0.00', 'Per Hour', 'upload/services/testimage.png', 'tst', 'tewst', '2018-08-10 17:04:22', 'CURRENT_TIMESTAMP'),
(114, 2, 7, 'OLD PC FOR SELL PURCHASE AND RENT', '0.00', '0.00', 'Per Hour', 'upload/services/testimage.png', 'tws', 'test', '2018-08-10 17:04:22', 'CURRENT_TIMESTAMP'),
(115, 2, 7, 'MEDI EQUIPMENT ON RENT', '1000.00', '100.00', 'Per Hour', 'upload/services/embed.png', 'Test', 'test', '2018-08-10 17:04:22', 'CURRENT_TIMESTAMP'),
(116, 1, 9, 'Wedding and Event based Mehandi design', '0.00', '0.00', '', 'upload/services/IBS_Opening_TVM.jpg', 'TestDesign', '200', '2018-08-30 11:27:28', 'CURRENT_TIMESTAMP'),
(117, 1, 9, 'washing', '0.00', '0.00', '', 'upload/services/IMG-20170823-WA0007.jpg', 'What is Lorem Ipsum? Lorem Ipsum is simply dummy text of the printing and typesetting industry. Lorem Ipsum has been the industry\'s standard dummy text ever since the ... ', 'What is Lorem Ipsum? Lorem Ipsum is simply dummy text of the printing and typesetting industry. Lorem Ipsum has been the industry\'s standard dummy text ever since the ... ', '2018-09-03 17:36:30', NULL),
(118, 2, 10, 'water ', '20.00', '10.00', 'Per Hour', 'upload/services/images.jpg', 'What is Lorem Ipsum? Lorem Ipsum is simply dummy text of the printing and typesetting industry. Lorem Ipsum has been the industry\'s standard dummy text ever since the ', 'What is Lorem Ipsum? Lorem Ipsum is simply dummy text of the printing and typesetting industry. Lorem Ipsum has been the industry\'s standard dummy text ever since the ', '2018-09-05 15:59:43', 'CURRENT_TIMESTAMP');

-- --------------------------------------------------------

--
-- Table structure for table `service_categories`
--

CREATE TABLE `service_categories` (
  `sc_id` int(11) NOT NULL,
  `main_category_id` varchar(50) NOT NULL,
  `category` varchar(50) NOT NULL,
  `category_image` varchar(100) NOT NULL,
  `category_description` text NOT NULL,
  `created_at` datetime NOT NULL DEFAULT CURRENT_TIMESTAMP
) ENGINE=InnoDB DEFAULT CHARSET=latin1;

--
-- Dumping data for table `service_categories`
--

INSERT INTO `service_categories` (`sc_id`, `main_category_id`, `category`, `category_image`, `category_description`, `created_at`) VALUES
(1, '1', 'HOME REPAIRS', '', '', '2018-08-10 16:12:19'),
(2, '1', 'LESSONS AND HOBBIES', 'upload/servicecategories/3.jpg', '', '2018-08-10 16:12:19'),
(3, '2', 'BEAUTY AND HEALTH', 'upload/servicecategories/11.jpg', '', '2018-08-10 16:12:51'),
(4, '2', 'BUSINESS AND SRVICES', 'upload/servicecategories/2.jpg', '', '2018-08-10 16:12:51'),
(5, '2', 'LOANS AND INSURANCE', '', '', '2018-08-10 16:13:24'),
(6, '2', 'EVENT', 'upload/servicecategories/1.jpg', 'dada', '2018-08-10 16:13:24'),
(7, '2', 'SALES AND PAURCHASE', 'upload/servicecategories/21.jpg', 'test', '2018-08-10 16:13:37'),
(9, '2', 'vessel washing', 'upload/servicecategories/111.jpg', 'Vessel Washing, Wholesale Various High Quality Vessel Washing Machine Products from Global Vessel Washing Machine Suppliers and Vessel Washing Machine Factory', '2018-09-09 03:18:25'),
(10, '1', 'Interior Design', 'upload/servicecategories/download.png', 'Test', '2018-09-09 12:24:13');

-- --------------------------------------------------------

--
-- Table structure for table `service_main_categories`
--

CREATE TABLE `service_main_categories` (
  `smc_id` int(11) NOT NULL,
  `main_category` varchar(100) NOT NULL,
  `created_at` datetime NOT NULL DEFAULT CURRENT_TIMESTAMP
) ENGINE=InnoDB DEFAULT CHARSET=latin1;

--
-- Dumping data for table `service_main_categories`
--

INSERT INTO `service_main_categories` (`smc_id`, `main_category`, `created_at`) VALUES
(1, 'Residential', '2018-08-08 23:54:46'),
(2, 'Commercial', '2018-08-08 23:54:46');

-- --------------------------------------------------------

--
-- Table structure for table `service_providers`
--

CREATE TABLE `service_providers` (
  `spid` int(11) NOT NULL,
  `emp_id` varchar(50) NOT NULL,
  `vendor_id` int(10) NOT NULL,
  `main_category_id` varchar(100) NOT NULL,
  `category_id` varchar(100) NOT NULL,
  `services_id` varchar(100) NOT NULL,
  `min_cost` varchar(50) NOT NULL,
  `first_name` varchar(50) NOT NULL,
  `last_name` varchar(50) NOT NULL,
  `phone` varchar(50) NOT NULL,
  `email` varchar(50) NOT NULL,
  `city_id` int(20) NOT NULL,
  `ts_id` int(20) NOT NULL,
  `pincode` int(20) NOT NULL,
  `image` varchar(50) NOT NULL,
  `created_at` datetime NOT NULL DEFAULT CURRENT_TIMESTAMP
) ENGINE=InnoDB DEFAULT CHARSET=latin1;

--
-- Dumping data for table `service_providers`
--

INSERT INTO `service_providers` (`spid`, `emp_id`, `vendor_id`, `main_category_id`, `category_id`, `services_id`, `min_cost`, `first_name`, `last_name`, `phone`, `email`, `city_id`, `ts_id`, `pincode`, `image`, `created_at`) VALUES
(18, '1', 3, '2', '7', '12', '1000', 'Seriv', 'pro', '0099', '1she@ff,.com', 0, 0, 0, '', '2018-08-11 16:05:22'),
(19, '11', 3, '1', '2', '2', '121', 'shei', 'abu', '9898', 'uka.sheikabdullah@gmail.com', 0, 0, 0, '', '2018-08-11 20:30:09'),
(33, '52', 6, '1', '', '14', '150', 'Testing', 'testing', 'test', 't', 494, 4, 695584, 'robo.jpg', '2018-08-15 11:31:14'),
(34, '8574', 9, '[\"2\"]', '[\"1\",\"3\",\"4\"]', '[\"5\",\"45\"]', '1500', 'Service Provider', 'last name SP', '74185296', 'sp@gmail.com', 1189, 1, 625706, 'index.png', '2018-08-28 06:13:39'),
(35, '123452', 10, '[\"2\"]', '[\"8\"]', '[\"99\"]', '21', 'EmpFirstTestAravind', 'EmpLastTestAravindew', '2222222222223', 'aravind.mohan82@yahoo.com', 685, 1, 695025, '', '2018-08-30 11:23:34'),
(36, '2323232', 10, '[\"1\"]', '[\"1\"]', '[\"108\"]', '50', 'steast', 'test', '678688789', 'steast@gmail.com', 1506, 3, 6200018, 'business-man-2356422_960_720.png', '2018-09-03 17:31:47'),
(37, '46565', 9, '[\"1\"]', '[\"9\"]', '[\"117\"]', '0', 'avm', 'avm', '6643634636', 'vtesting@gmail.com', 627, 3, 6200018, '52c9ba12d4b3c3ba8c5762f2fa8ce473.gif', '2018-09-03 17:41:53'),
(38, '4343545', 10, '[\"2\"]', '[\"10\",\"9\"]', '[\"118\",\"117\"]', '120', 'testservice', 'test', '878998989080', 'testservice@gmail.com', 1172, 1, 620018, 'business-man-2356422_960_720.png', '2018-09-05 16:01:42'),
(39, 'ss12345dd', 12, '[\"1\"]', '[\"1\",\"3\"]', '[\"106\",\"108\"]', '0', 'suga', 'sugi', '434323235445', 'suga@gmail.com', 1220, 3, 620018, 'th.jpg', '2018-09-09 03:10:00'),
(40, 'test@123', 0, '[\"1\"]', '[\"10\"]', '[\"14\",\"20\",\"101\"]', '0', 'Test', 'Test12', '123456789', 'testID@gmail.com', 685, 1, 123456, 'download.png', '2018-09-09 12:27:53');

-- --------------------------------------------------------

--
-- Table structure for table `service_providers-old`
--

CREATE TABLE `service_providers-old` (
  `spid` int(11) NOT NULL,
  `emp_id` varchar(50) NOT NULL,
  `vendor_id` int(10) NOT NULL,
  `main_category_id` int(50) NOT NULL,
  `category_id` varchar(100) NOT NULL,
  `services_id` int(50) NOT NULL,
  `min_cost` varchar(50) NOT NULL,
  `first_name` varchar(50) NOT NULL,
  `last_name` varchar(50) NOT NULL,
  `phone` varchar(50) NOT NULL,
  `email` varchar(50) NOT NULL,
  `city_id` int(20) NOT NULL,
  `pincode` int(20) NOT NULL,
  `image` varchar(50) NOT NULL,
  `created_at` datetime NOT NULL DEFAULT CURRENT_TIMESTAMP
) ENGINE=InnoDB DEFAULT CHARSET=latin1;

--
-- Dumping data for table `service_providers-old`
--

INSERT INTO `service_providers-old` (`spid`, `emp_id`, `vendor_id`, `main_category_id`, `category_id`, `services_id`, `min_cost`, `first_name`, `last_name`, `phone`, `email`, `city_id`, `pincode`, `image`, `created_at`) VALUES
(13, '', 0, 0, '0', 0, '', 'sdad', 'asd', '1111', '', 0, 0, '', '2018-08-08 23:57:59'),
(14, '11', 3, 0, '0', 0, '', '21', '21', '2142341', '', 0, 0, '', '2018-08-08 23:57:59'),
(15, '', 3, 0, '0', 0, '', 'asdasdasd', 'dasda', '1231231', '', 0, 0, '', '2018-08-08 23:57:59'),
(16, '', 3, 0, '0', 0, '', 'Sheik', 'Abdullah', '9961845598', '', 0, 0, '', '2018-08-08 23:57:59'),
(17, '120', 4, 0, '0', 0, '', 'sdad', 'asdad', '123232', '', 0, 0, '', '2018-08-08 23:57:59'),
(18, '1', 3, 2, '7', 12, '1000', 'Seriv', 'pro', '0099', '1she@ff,.com', 0, 0, '', '2018-08-11 16:05:22'),
(19, '11', 3, 1, '2', 2, '121', 'shei', 'abu', '9898', 'uka.sheikabdullah@gmail.com', 0, 0, '', '2018-08-11 20:30:09'),
(20, '55', 3, 1, '4', 5, '656', 'bb', 'bb', 'bb', 'bb', 0, 0, '', '2018-08-11 21:00:30'),
(21, '111', 3, 1, '1', 97, '111', '111', '1111', '111', '111', 0, 0, '', '2018-08-11 21:03:41'),
(23, 'qawsqaws', 3, 1, '3', 5, '121', 'qawe', 'qaws', 'qwsaq', 'wertg', 0, 0, 'image3.png', '2018-08-11 22:17:06'),
(24, 'imag', 3, 1, '4', 5, '11', 'image', 'image', 'imahe', 'image', 0, 0, 'image3.png', '2018-08-11 22:56:11'),
(25, '121', 3, 2, '4', 45, '111', '32', '332', '32', '23', 0, 0, 'reference-login.png', '2018-08-12 14:10:46'),
(26, 'yy', 3, 1, '0', 5, '121', 'y', 'y', 'y', 'y', 0, 0, 'image3.png', '2018-08-12 14:36:13'),
(27, 'ff', 3, 2, '[\"3\",\"6\",\"1\",\"5\"]', 5, 'tt', 'ff', 'dd', 'dd', 'd', 0, 0, 'image3.png', '2018-08-12 14:38:13'),
(28, '', 6, 1, '[\"4\",\"6\"]', 5, '111', '1', '11', '11', '11', 685, 11, 'image3.png', '2018-08-13 14:29:05'),
(29, '9', 9, 1, '', 5, '111', '9', '9', '9', '9', 674, 99999, 'image3.png', '2018-08-13 14:33:18'),
(30, '7485', 9, 1, '[\"4\",\"1\"]', 45, '7485', '29', '555', '44', '44', 142, 669584, 'image3.png', '2018-08-13 14:46:02'),
(31, '31', 9, 1, '', 5, '31', '31', '31', '32', '31', 0, 39, 'image3.png', '2018-08-13 14:47:05');

-- --------------------------------------------------------

--
-- Table structure for table `settings`
--

CREATE TABLE `settings` (
  `st_id` int(11) NOT NULL,
  `email` varchar(100) NOT NULL
) ENGINE=InnoDB DEFAULT CHARSET=latin1;

--
-- Dumping data for table `settings`
--

INSERT INTO `settings` (`st_id`, `email`) VALUES
(1, 'TESTSUGA@GMAIL.COM');

-- --------------------------------------------------------

--
-- Table structure for table `time_slot`
--

CREATE TABLE `time_slot` (
  `ts_id` int(11) NOT NULL,
  `ts_name` varchar(100) NOT NULL,
  `till_time` int(100) NOT NULL
) ENGINE=InnoDB DEFAULT CHARSET=latin1;

--
-- Dumping data for table `time_slot`
--

INSERT INTO `time_slot` (`ts_id`, `ts_name`, `till_time`) VALUES
(1, '6am-9am', 4),
(2, '9am-12pm', 7),
(3, '12pm-3pm', 10),
(4, '3pm-6pm', 13),
(5, '6pm-9pm', 16),
(6, '9pm-10pm', 19);

-- --------------------------------------------------------

--
-- Table structure for table `users`
--

CREATE TABLE `users` (
  `user_id` int(150) NOT NULL,
  `name` varchar(255) NOT NULL,
  `email` varchar(255) NOT NULL,
  `phone` varchar(50) NOT NULL,
  `username` varchar(50) NOT NULL,
  `password` varchar(255) NOT NULL,
  `active` tinyint(1) NOT NULL DEFAULT '1',
  `role` varchar(100) NOT NULL DEFAULT 'user',
  `token` text NOT NULL,
  `refresh_token` text NOT NULL,
  `last_login` datetime NOT NULL,
  `status` int(5) NOT NULL,
  `user_image` varchar(250) NOT NULL,
  `created_at` datetime NOT NULL DEFAULT CURRENT_TIMESTAMP
) ENGINE=InnoDB DEFAULT CHARSET=latin1;

--
-- Dumping data for table `users`
--

INSERT INTO `users` (`user_id`, `name`, `email`, `phone`, `username`, `password`, `active`, `role`, `token`, `refresh_token`, `last_login`, `status`, `user_image`, `created_at`) VALUES
(2, 'S Vinesh', 'svinesh3691@gmail.com', '', '', '5ebe2294ecd0e0f08eab7690d2a6ee69', 1, 'user', 'phdc8nizDehaBWilBc4DtRV9rafmPfqfxDrG0JfEYxPAt7V5kZJNREXiPdFEt5T0IlGJ5Wo3udDXlz3FyMtqrqIgEnU7tO7c9OVeLkifyVdTugy332tuscK7AFe3umfEabSWwab46pXAGwEJy7d1kY8UEmY8IeNTqFQWQ21WrZx7vbR4j55D4dxIAwRjKEdbk37a697x8EFDQxH9CNMG1kpBRgVBV8NfcUqi3yQbcwP33xcGkZmljLXa2SMX1zdduEwycnKpTAsX7FDrE0MYMK9OCWMDv0R0EozQLjgFUID1ogs2hf03Z9RC5EfBE7Ciwb9hvpXp8ArwRUy99zc9J4LPI1qm93FFfOXLeUbnvCTnwswG2IPLMBAvD1SM5xskmp5BjhYPTRcqkI6mrW7eyIJbJBYO8q9vPe69w4ZpWbQgUWClTKzssjDbUC0339yToF3UK2kGeaX87zu0j4sMn6XiJYlM7UFwAIqkLK1ZVY82yD3SIvE5CColBK8IENefwFAhqBhmApo93r2LXHRAkfVVZ3EERTUnzuFZ6WlHmKRpbTb9B2JWhFRhJwWApQYYkEYqBk8X4ZngTyqvB9rSPjayP69eW7dgMbHnwPlAPIRIhhdSrELgYWPN2Y2Y6ffSrXgYNBzCkqlCIyv9dgqbcfZfe1dkhtdJqtHe5gQpGb1pKwyYNZ90f8ftatOrX1aovRCA7t0OF2dpzMnnLxn0FDuP7ig4krsQi5rqyredusD3e0rZxP0dsu3ANkE7L7Y4dpuMQJ0lbDppEQpcFpp8UtIINnPzvODJd8v4Rvp29OrNFQZkgptbScTGzJf5xTOK1kOSPeVY2mMHdL2ubvF3HyKhh0nPUbzVvoOlCKjE66mkRpO2Vu6D2RUkRh9LtJHY7wkJgDonJKIBaxE51LI3CDouUygnhYmouG7Lkv94gSGrpkwq6euIRTcMrsaIqx7VefHzLRD1Jks8FZzLe4t6XGSp838zAfvPucof32hNmKW1JvMYAg4yWXX505FBlaqPnO5rQmed6aeQG1OhhTPeQMjQSYsd9T3wH8XyucMBm0s32hkja9x1WRSPQk3Zd6vVetuJFgl2hN5k5qDgAbhx39mTupSHvoDKR8txpPzGDF0I5EZGQgdUqzNUZFCu4gfVoJsNy2ubHvUNaUt1aGVBgIwfo8KtpZoNJRBhU6tBBopMiSNt', 'yJ4PsA4RJOk8OJWxAxOvEi6fGv2ZoQsXzxM17QSRFc0tWW0xuP2889oPEqO3gh0POMRWDKOiXOLTKMqeCsmKBLAgbojsGjiu69rJUf1R3NKNAb2dDpYfaywmXPOD967ggzZaO12SPMFqXIDB7BRi9nE7dtKmASDQrC1gE38uQOUNwypD9gWjEAqR3beD3RuvuvL9zTDpIxde5DSfUOzyp0ptbE6fvBK07w9GqM68kkmqXeFR3fpsfPVrt2GZEqZLW8smVyvfTRFQ6lIaA7DQXzhrBXqgoq1lztIu2dJV4oMbKulkCYazxs19pspOSr9rVRWY5FUa4GlOaH9NGkmeMonbQN0Je9ba1786N2hRICGTkPG093eVrC7iq72FhdPilYp90G0JjHCDwjEGmTCOwK7WR9C9nssJqRSqyTaSAMw76aOs4qhAaox2x9bVBDE2vws4pDW0ps7vDVYHmfiwEPzcZL7BpMDVi6ZIJWI9oQF2MDJ8T1FyRfKQ0RsqE5lWckFVho5FeKI1oraitPQk4Ab5sDv6JQ3VbJRs7W8mGQn5ixnLne6sOhyhV3oEUsA6brzinIE4y29RAxDXLJqA1YSX2gBWIc3TDCc1kR6TTfLuNosy8S9aQ17ShJP0VSUyv6APYGJSWumJTOi1GrbxsiqK1fLX8FvDM6tKMcCIHZsANKBucN2F5sp7Ib4RQAuCGYntb0bSZDtMo5hASjgYMF5uQalHLQkrPHV0I6THKmu8rLJk5ZiRFolwyHekyyMngHnYNhGyDaH5Vqp0qHR65dDEVRYtpKRGrfFfwlNavufqVErmmjtrx66sX4WnPO3h3Iwz3jJyOZZKDr60LzsiGyLDDI0sw4JzMg9QATpoSp9wRgxCQZVwxG9apaDVenv1DFSdyhCrHLYy1vbRu6n2NxcdHQ8WdEXQjQ4S8GjPsiotOAkiHIlufxHXoQTBuRsNHxGQdZGFi496FupmcKRsizpGpjiUbKIThoJvopbGukN9Odv1XmtgVTWlcffoZXhhm0NKqYrUif37sy8pVBGQvCbIRq6Ron9KoWvOVWIebMlDkt3f5J6AmhjeIp66NgRbdm08jJmuvI8Pcc5hVbSisbxbBEioU9A7wAfPjCkOksEwEJOAUHTnTqyu4RSZ1s6x3mnmYHbjaPQPyFqtmjRfKqKPhCOi5UQ8gdvfVGz5wpV55lyr', '2018-09-11 02:49:30', 0, 'assets/images/upload/users/1536472266FB_IMG_1536310885458.jpg', '2018-08-25 04:37:16'),
(4, 'Sheik', 'sheik@gmail.com', '', '', '827ccb0eea8a706c4c34a16891f84e7b', 1, 'user', 'fzU1K7MCDbU37PTZ4RXUf2atTeydVB0bbVcW2ZyGasJiiDhnvfhLhsfaGNoCppNBk0xn053ayNtRrKeW0wHiYXtFLRhag5MB6jY6p2hYQKPhv4evAVNzTheE8wOoCB0IUZPk16jRR89mdnSOjGncXBQ58FuKgutbtivvpOngXwDaTvYcbmo8Yed6UHRacklGDRb2FyjD4WOYrNaD9zL7OYeIG5SSpez35K6LjpoomdmO0xra6ciUbwCSCvK2Jj5O4bAnBZMYc8NdGeoMrGHDdkvQPgSzAYoEaY2LXPKaYxnEMLrds8RGtmwjCoSdngSxfUidK3nIAKmmwNAZWrFpObIrABEXSwu7rNkbQHTqsgNZ4nY1PEqDP94qLIoDfSKGG5RwMLXf2Ke68d7YRyBHIG8tpw6EoRl5WdBJYzY0kd7sqeriN30vJ8Y9E5N3W88SlKBkjzlDNs6dHxwuAw0kEYtj3gmZpvSLft6y3rcQUi4CPB6q76KM5d58us8UX0FduMLxdXo8gsK53QwbXgX2u3bZwkTtlzGPlsnzqLHGerMiiitfzri3uu31OWuavbZREmq477LmzxERQ77qyqt3Vw4KtzUZLTQpghtopeKYMoQDvX34ox8j4d3xMXwyQnX6Eru3Ff2sDS59Q8deFmxKzAhmxOUocRvQi0UYfXqSPw1FFfUlBr5a1nwzbrXniseBs9zI60AWxCCcRwysXDDZ0aycBwAUYOvrY4955K2CmEPebnH90k91vHe6dO0cDwDCANHGxJiUo78AuPJv9SxFALLOAM0diEPTrxAZhSTF01gvQZ10SyFtkrhUei8xWYrow1nNUgtViJq9Js9B1P5lhmgvFo3Bnu0TwoGqFamXTM6Dfgfg5kCmHSSmhWXEqYyXmfo1pKYjx5WMlb3rvFOcxGyPDwu4u21RipSHaR1HWXui9xJEcxRJeqyRW2Wr5Xjnnc5x36f03Jjcg2RsAJcO9LG6OCyUARhX3nv7tK8xtrKKuBd4lpTubzAZc8UM0bK4yfb20kzuLjefVrjgRdL2Nl2ZuWMv8xzHNLJN5jhRDw7yXrPOEARrWTrrQeWYLwGyhqmnJEfmamV8NLWrlNTiHkJxyFwkccTtCfRlU7I5tDdgo9IKXB2EWLcvrIPDUI7xYZSS6BYzfbQDkzoibqX7c9CERrhLapi8ob1vM051bVFwv4OG', 'uLNHUqlLSDx23Qbr2dXPd2RoXwUsAJ95vWNpn9bfNJhQzthCGfrUhijfPeIqXRvsOjSbs3qfNH5nbnZRCqMUI59xjRXhItJwMCHfG7vtPBQ1ZPTCfFwYKGv4xtlgX5NKIvZoDvSt6Iu6ynIO2fMNViStMeJJjxt22sqFYj951DbA0Uo39bQ5uJygXiZhQsjSVKyT3HZ4laFl54offfkJYTZVcYc2rwUngtgjbgowr3Rw7gLmw66uZ6qb4Ddw98TpCaINq6jRaaoir9FXgLrfRSrWvFsEOm4qwMdXTwO4Hdm8n15DMxTEqlAV03APpFfWrtTlZIqHWMQjOVWBtPfUaQQbTq0j6ggxKaTKTjrP6h8Ud4vHULB5BrgvShPYy5wigq29KtZRL7LYchG72hcDJt9CKYAj47BkyEui8t9TBVSOcyVfQ8SAB2cm0NF4VhptWUM4oVYZRQO3pKigSbQue3QeRwjMOJfKD1P1XN1OEQS4AbktmbYBfPP6m9SaS8Vw9Ky6yAVcrNg2YBvlNuW2jM8FV1PO9LliwUp4ulhW8xY79usWYoZhb8W79MVixhB3b18GmpCvXAC64432t3jFbgMl2HEAZfEahMREbt994Mf8Rjblnv0yLMUNtyotN2D5OvJ0YT92GpbxImS6RSEDEzr87PBVRf0GKKGJEPMkfXRYkK4cCJPhigqp51kXhlD25kLK9x4ovWmPGr1jaQBs71Sc3cakxNnD78ohGsGbp315u2pFT0701Zd4cnpKbMoiVMABehNDkOJPR9uK9BKaBXfNlEywrWPmIpYXGMA1BkQstkcCWXNyV3lhIUN9QCwy2vvIh6JSrzkUUxxRvlproLI6Fwgv8M4aizTzGDr7cM27kzYQVnhk80qOwHjFunQMXJlEmNLzANHVnFLj33Dc340ALjggH62FPojcc4LNStIg8tzbwcoAgob2Hripxl4nJnzWslJlOrCXVb9rox2FVdHDF02cl7A5u91XvLjkcVh76rzvYCbTQSxvTAIeHikbsl9X6shjnzru000YDbSt4qZX0HcHZwTsR2pYvHiThJnhKngnz9RDzQAzxMhxiaZadp9I6rBnbZFVnVjW5azE1aezXv7fG6qTwzCD1e1ddG8ACsxIC7mDhBde7kuNrVGXvjAwxCJKiSlVkTDX00BiCOxJ82wzXdxsw7Z4KJO3BaYW4CU4', '2018-09-03 13:46:22', 0, '', '2018-08-28 05:19:53'),
(5, 'admin', 'admin@gmail.com', '989898989', 'admin', 'Admin@123', 1, 'admin', '', '', '0000-00-00 00:00:00', 0, '', '2018-08-28 06:01:40'),
(6, 'Sheik', 'sheiktesting@gmail.com', '123456', '', '12345', 1, 'user', '', '', '0000-00-00 00:00:00', 0, '', '2018-08-28 06:11:51'),
(8, 'Adersh', 'Adershsj@gmail.com', '', '', '042d930677e816fdf537726a7fa689ea', 1, 'user', 'WF5HQuDsJQrMzvTtIZo0ivII3ohPvr4s6a9WENpnEQadm3G4255lAO3EdluIMyaTIkQn7fLL5VZsZGx2LComrs0ENvnA4ytNSja0yWMESM6RsDUegiAHKBly6I8bgBY9U99s5W6YIdQbRKp73ZONBamISuT95Ri00st6pA48NUjEFIMIHAwjLS1DmUNsL5tLyWSXwW5kRpYw7KePlK86C9KZ3xsODVAbSs9opfIgEHMLs1BOLJUoSFoVdQKQMl2EOc3drMu6thSWitK3cFs5kQ0xGKos6q7UDa75WBbqT4nbx7fKNHP8xQFeB4HHvOB8ZIdVkpmdtJp1RELFlANTqt71xPJ2DkaC3oyoNVCgF1hwF3b1EZV5s37ZSQ2vad8dBHBpCdGhfYOV10WGZSLrVSrNItiTHr6i8IIKWo2cmR7oS44RWPjRILEqfXjWoqfw9Xh6mkiIbp73tbVq0fhI0V9fStcgUrN3p4aLpsuASBEmMAMNP3wPZG5R9h84JV790iUqLp0D0F0NfNA4R7UQNZIXhQ11M9aNr5ddueQuTRh9ESev08lO83LqUNrHXCupHHCbVtFPkXZZQduQmQFvUrVOenwcZ0BGIdREHxt1vt0lHvc3lRygjt4xQAKPBlwjznXgUriqUjLBOYFaQdq9HvHy6roHNU1niYDdqWDlfpX4nCeeQEnya57gxvYkqZHIYlWohzJxYHBmjQAauYIF3PVAlUVLTCuRYqgf00MZHol1eWbJVUoZJkz5evR77lZ5MglNg8MYw8ZL5bu05SZPdzUr4Lzc7ziTPDG6Mt4iB33HeyHkrG9Eg35kOEwVdOP3sw9eZdxBhAjw90QAHZeX2jiRYOMcDCf58ok8CRKTr4pB4fbMepKhI28HRVTvx9BGxVPaMA3eEtPJJ0vYpgf8ioPajJFRSgyqboAYZEcD81nR2TPs95ArtqBN9hE1xdsJB2HAHUePWBHYvwqEC055rHTAYxBwL4gn6XYORcEOOlMjSdYue3zFLtfK0RgMVw92u7Qmkua9QXtIarcovM3hfj1gai26Oc8jkZFFuQPkNj2XKemg0qxgJywTQz0FL8Z68FLCvAXjTZhEeDVf3tvN21HTBHzmQysYdeBJPy2JykoMXj11MxOPzwIadhx3PZ23eDM3cPML9ax7uz9h7Y6GuORH5oLVoNYCrLGEAspKDXS8x1pE', 'ZvlukcbqAXlYKjBc5hQGKgqoeiwLkVqkrMOLY0bzXwyIQaUWrLCc12Agl61G2s0tfPfeQqNNXmvOwqKYbmadpLtLSvsUYtodiDr83fW1CrP8SA74Wiim3M8WiAQg3eulRWuVbqWNSMWLm4Pjm7GqTOmbpdsssXOjTjf5JcTCZQnmUdFhkmHeb4qAiS2KQR4JajOTwHwvxURs7xJsTrG4v7FO0HyQyCzJVoDr69XD3O5blPDfgkkMrZAsH8igLSZHgC9mM60QV61gVEwcZRYrRzTyIcPt4PblskIeqJ5lP6CLL9YK0XcRw5qfhgIm5TIyeqMF9S1YYDKJNIuNFGFcM6r3maqs380iyNXIFYHDCrnpaSdQyT2lZtpmDPOHXP0wCXehVWVynjXybboK4q64Uvqykegi3gPGd4Y90UHndFWpQkaUKgYFLod6DtoHJeoXim6igOGutCUjW5eHmcm7BAef4DXORlL9HSrYH8taKnuGsIoPVLWxlbNpOKeF5ZPNShMzpfJ9DeQ6WfVS0Spm3cMSX0x3ZnRREDr3Tadwp3CljydjqDFuQrmNrTQrhHjVlKYeVcLkgoGzWUSmxyQo0cbs62TnKdj5YikUu5eKtVkpPcMnLDLLPXdWZ7kKkEPjWadrfsbJnw8dIVAuymfoktkjAF4VjUeg4sHjUT2hpbu865CEsR3Mln6V3aRn46D8ykssdvKDHfLOkntMfwzAUFwXPnlTuY22jvvx0faIvVwPiZCxvb8pREnG2IAxHCA075x8lHQQCnGVmjtSvCimgF3joDQ5gr6owDwSlnJYKpU7JnZfZhBgXEAlirrySxWpbthxR1vBrpJaNIpNZ14XGFiY6KwZitpuWH1OIxq9X9jKRJyRLDOri7qpSXpaqOFnvGbddBmaLGVCqtuc7jDpr4Pk1evs2aQxQ1L4D8epOa2fDwrLQ5ah9ZCbd7DghtN7vzb9HqywAALe7dZYjagtaSEnZiEgMsoi1AsI01eBC0PJePHxZX1aQFxPYc5KEu3F4vn5wCH8DxSRmApmyqwo54d4gjPUOSAToYYUAF3ddW5zwuW5Ust0xH4O1TJPMjIahH5Sn86A5baBF6Hzzaz6SEUTyEJkXsuf9z7xId7Nohp4o7DXhd4aRZ4qDNKBffQpOYWxc3lAlLFJSjHawLkoKpOoczZsOPSDNOaZSwAdigXazEl6', '2018-09-09 13:02:13', 0, '', '2018-08-30 09:27:35'),
(9, 'Aravind', 'aravind.mohan82@yahoo.com', '', '', 'ceb6c970658f31504a901b89dcd3e461', 1, 'user', 'k38NEsoQduZFAiyrzCJdUj2lxqkAi77CbgqQIPGWkGBUZamyN5LIpO3WeoxwwE9IUAyDpfzJVbEUl1s97eRw2VshkZORDYAxy9aYoKIjVnehoGrvVj1Xftfzs4r621DBaOzzyiTuF7M3NdyJwAGL3Wlw0MC3OgEZ4eyDwr7czTfn7O6DoNpsJKYKxBNlRrlWFUzcmHoVAEiItolScKkVvjF2VtoMUKIAEiN0ZcWAQeikDEcPpwLUQrXLUmyP6hpKzdLzpHagWsAA7Mqwjbq9DoVyKtnQLNBl0mUp44F1xfBE22aleBuRZqpJUNAFAb0AyU0DZFEwVgaXikjwVOoVeNF8BfNbrNMZIMDHsheoyolQJEnFsLAHzfPavDlWr8WaUzSnR6Lqu7geMETfpuWYKM8fpucRC81wITUAZF0uMhIzVCOl6KjRwr7WWjNysO5bHZMHFMbs4U10wPlDAFv76C33VQBnFGznGl4l8gNcaPdHEzkeePllrpongZLVGkimFnIODv1OlevZNQe1GAm8ZKvfKhbqBuNhRv6v17jmlOm9EAalbxtbiYq3fCuR6h9YNftOmNbICxRh82CjA5uT4VWkyqbFIlDvB7jYVvGx2yObBqvbw05AW1Uus69arNF3VZ1QuInxgcIRCe38e8JbaDFCJPNbCsexrgoWYLtfXc7AraJFjsQu6w6PlT1YmfwOvUKuGeJEqQfS1ZylspPyVWohPpgcFM0bHKFoZp3pfjihiQCKfrjanIsd7IpNvqYdaEBa3FAiYSAhIc2XDl813AfbjEYO5X1gBDqEi0XhSxyAKAyoWGpZhEaAj9oo6qFH35mm5kDXRcyBM6ZINpI44SEo23N8tsQxxdTCxxAoJ80vf0e2qW7uPMSRQF0j8QRF3KiAiSZ110xh1LkrIrVxeOo4upoCffij0AUjtUkvVRMWD7nlzjTN8hSDHgfXwygx8bQC5a712UXG1l1AFVnNdgqUwGR3e7AnjqZpB7qE1nk2JmDoh1cuhDpNjgRyorVHSV6u2w84Ut6EQK28LfD2S2QciHKG8Gn1CuvF1DJV7QAXAD5lSInKKeW3VHJ3o750BAFDepzlf9jPMpbE7zpSNmWI3FMsNRtps82GxB1NKlDwKObSnALbXHT1nGtayWA05CGDeIqY33vNRHGfirrf8lgw1JGzGhALTgo7ZP62SCQKjw0B', 'YrQ6M7CORjoxAYjufICfxIiqk8bDFcfDD6Kqdne4HDChBVMREo6c6oCqxN4dZjRDqB4DZjIGWkYygKpV8w7eUJFsxKFx4wbu8f87yQNubL2svsnEYuTTezlMk0kowvTFK1MjSzO4lRwRjUvippbDYwpiwJH3fAI0Cvjv48zqZ6hj0NBpcM3bituPdbTsMCtp7NVcVuCUBUeCIP1VB56UyBKMMDfzfIYnvTzqoclZ6zCPpEK0JRVisF4fijOy2MVxGvY5Hk5OUHDjlok4ffmIUrXdLLMNyIkedjjUDoJx6mQrKav0qSIlkFz5rlTZ4eehxycaWVI2hzu2K02aTKvdq5jRqcRuq5MYDY9ATRDbq7ea7gl01RerWxjnKaSbgE9TDiuxa7IBfWMnd7oeYCGUa0iVaa6rOgkszPZJXIlcE7ASeY7dBN8MNqHYAOpp4KRDAQnxyIKdPk64jdhV0pHOPpNqddPhYHUyyh560PkPaqTtDboEA6tqvhQIvG0tnU2Vc72dXn28NWBr706H6A8CRYlmFlP2gRYsZ1GXoI5cFHDMIKuPkDrbBMyg7ojnghQfiwdHfjTU0xHJhcyCPZNrMmITK1h0j8gCEtjUNcPOJxx1J5Dz5r0RNILxK2x3bOFPiYK5bzTU6qVQwypBZqtN9ekThSXsGCiYB23MCXHJoCzVbZwbp0YyfjswbpZS2iQElUqXR7GgKfbWfI7EI6dXpFuB4ut7MjL7ec56kLm41y1gg9VZf8WFNrgSVJ0I3LQhXVnhHKmJin0ywVxM4urSWHKRrLAuwqMum9L3T8NcwNK2JiPNNgGJYrBqcbVICHcYRY2K7PXDDIGm0vaOMQxLh9btl6cXOpWFnZquOn7s5OO6jZU5QsQ8B2CW9OUXdRCBQ36Fqe7v2WBmVwrMYiUAlwxvlrszj5a98hOywW4ySGUNcmzbFuL01ivmKYV446ddo2LUYQsRxnEJKeVpJHqKZW6KV2OZ82cw5Yr4PUVmhA62P1ryISjIOptKsiJBkV8qUzvJtq5L1bNQdepV7IEW87GAppcKlkbgTGZm7578gUZt9oph73dgbURBj3lFnxVhdVDk0LtgGsKQRa7Ydlepf50z9lewSaN66rq6dTnTm7KdiRbvdqUswU2Fghc9rZgxrGEEA1xX9har9mXnNSQjNSZ49bdBat9BaNgLPNIZ5SqffoC2', '2018-09-09 12:28:31', 0, '', '2018-08-30 11:55:17'),
(10, 'test12', 'TEST12@GMAIL.COM', '687689797955555', '', 'TEST555', 1, 'user', '', '', '0000-00-00 00:00:00', 0, 'assets/images/upload/users/15364022242images.jpg', '2018-08-30 16:55:12'),
(11, 'induja', 'ASD@HJK.COM', '9605963369', '', 'ADMINNNN099', 1, 'user', '', '', '0000-00-00 00:00:00', 0, '', '2018-08-31 09:36:37'),
(12, 'induja', 'indusreevasu@gmail.com', '9605963369', '', 'ADMINNNN099', 1, 'user', '', '', '0000-00-00 00:00:00', 0, '', '2018-08-31 09:38:00'),
(13, 'sample', 'sample@gmail.com', '', '', '5f4dcc3b5aa765d61d8327deb882cf99', 1, 'user', 'CvphKaydjdLKlC5NVUZUsZki12LUKdknIKFtVdGersZM44A0YzUrzfKBivw3JRrsB6WwkCKL5KyaO8aNI5ehkYTDupGdg7GReCoyf9jkTSuI0EvIJK04ITHdjoqzw7rLKQjZZDjTvOBwt6fcQghzaZMtod3VluG5lZ4kDod9cOFFVVSMb9ml98PxmSsHn8MI8Q3LfgVs5A81v0NHa92kiRREKkl7s7QBYTne9iGfTOgoP460d8lv0caLxvSZDIBCBYRLhx1amhzclFdzOy5OLfziLsiobT1NSSz9qAkNST0ezdNnMScx8MQTe8iq2jdVcM5DnpqfjqtSEgfq9sYheOatXtTZN7VZU0Dhq4wJu0B9hRzqjxIymT1jmVja2e9WfNeFRLomL0v2S4tcCcKY6LhsHBCJPMG4AUKrF9Nraiu2nXe0aZYgLgJsRmbH9SLJMwbrFYTPhnRFl6Fv6ELRUvjLRvt0nfKaLVCqUvfbS7RdewJkavc50wRS2kSqzDAkycLsH0EA8vOn2xId2Ui2raUtuNT3qtoZG9roa6ZjCNGFkoSmjbpKlkeQ87UzBjyis0GD6FXJsEoN2hamtz7OUlF2tzB4S9mla3ZhIW0bAoYDG809I7XCsDFVcg05qnrAqqR9nSkYgjCXsC6aJ4NcHs8TJ9ZawqLWQD5evqcMJOJbqPmaTanBDwvmFuxcVj8MWe0sEcfo1ZAsPWCJ60kJwP6ckDofXx1TM1mreBPfApHpmk8skscRii4CWtRU1SNNU9f8L4olu5LQpUjKnwCFPHiMa9Gb2tZWDe5pjtLOzwFZrYJOvmtk3M6dVMpYgpVUE0jXu4M3Br22qMQV9kfc6mq28Q0pgVjUWCSrHEvi5ylvlbruwGGC27EbYFAeBU8yx0ZeEuxK3Sgo4HSAnzcqGRBFwcT861GD2FSHaprdhHBmpuWM38dK0Ppx2iF8klMm1E3b4vplc0IBuEoyNCiNsIku1ZCllpIm3Lx7gWttXb5sQu0D6jqy1L23LFo646s8S0g8XKCUWHnMbophHPQJBTMmybsDhVMaW2iTNUOJCbvNzU5hKV0lONInYb0g6Nq2PJWCEKmgVR4vM9Mw5NSUBAhzLiQS5gVV0RyEBUVxMZ3y9Q5fDX9eyrOkKFcQW8LWZkBAfw81wbAF1FUFD4UbvJwfoJ5kRRgQcRrroztUL3zMIurl', 'ymx353jtMpNEg4usWWUkwnehqN48hwuQS1UX5dqSCewTj1mfXgztDNK3AOcSkGJdIDaNRBFtQbn9dJoaZXEDKoGldSeyzXLhBW5syKWoWjy93Wk3UYGFmm1Aff9OdV6PSbhqVdPSxn2AkmDekjUHGVhWbrKpnRef2vFYJuQhSSScevrzPlgwgyssZdRm45B6Bh5lMVCFOuR30jCQETmVrPnr2fN6kpdWHiiueV93p07qkKhYDEU4thvvwjCRJQOr96Vo14sr5zRpj9nXNi2gzxM6RpXBgM2pSXNT1gk6Pcw9lU68c8pLGcSyBQ9RCbhu95oalJhaVNkhIrqUAPGh2yPDoZv1bNvkSUvdDMoyAJQiagdK6T18sRMQRiS25omXiRbVEAufkkyuBMfIFhR78DY0VQ21epZxgbsVLXb5iKATwPCb7tjg6hg28i4nH3UYemU0k66CQGvnw7zEBSUHaaKjtOGbSAa7X47hadT1UporxX58Q0Q0bBjEqZQiA0py4xPfLJhG9F7HDdQteHupiN4JNU2oVrW0ZMfKvxqFdymQMck0TOqcCuVqpXOkpKkowA927zHl84bUhwVbklnWQimggbAFVV4swdvENcZVhbQyHLJ177YXpldGxOlsKqVgDqVrDUnU6dtNZdP6kO4KahqH6MaQc57Qw2i9XF43TxRSLGZ5u3PFlgmr2whfCo68roho4mrXUjQFZPKuTA9eQwFT3X9FmgNNE5bJsDGmWx1WnMqgmAvd7b7a8gPuwDibJtVb7Cy39z0wmrNI1iW9t3jCk97RNp3wSYIZAg3JQ4gcv3VxlRGPVZrg8y7VXbsQ9bQKsUtiYKvtNq09iGZeGquPZCKXNdNXoDHQxb9wVFZJ6ZTpGSDmj8biLWfza3wzGepepzKkeK4kKXKqPnN8wZrhWGR6JnFqB5F1FqlUaqfUnZldm8mT8Oa4v1afpQF1Vl2AMouWOJRcJcq5lMYtA9y6bIlAy0CumE582A5RkW339t9vg7ZRhxXsgi3PjFjGkpOmZTekQhnZLwv1EuTW2Rpi9t7t9r9tQXQQR4aHlyH75d9JH2GJT523z9xIAGbrE1hv5sdr0Vy58IPQKwAEBCIbLfTmW4NA656cxkEyfdEoVueF0OkCq3NciGyeLmPRsV30gIyvVdTQH8wHWRjnU7zcN8ryvhqXcuXtcwY7JSYq1u8X', '2018-09-08 10:09:43', 0, 'assets/images/upload/users/1535970332Evelyn-Hogan-LG.jpg', '2018-09-01 07:33:28'),
(14, 'suganya', 'sugi.suganya80@gmail.com', '9994563904', '', '4d351d116657da907a591661e2f18085', 1, 'user', 'WnxaqXlBh74A77Zy7z8m3mFb1CLhaLp69XhzUCacJfMRmMpulyRpVxBW9mdj8DqhBHQvk1H4guVDgl8CT02OxDLG0Y09Crqd8hJtirxzVsdcOlPHlRwSvhzwgAFS156amPDFgbecEsosNea96G2CYC8ecN7dTeog31WkcbwQDVjr9tAf9DR8f0nsOuGII4YM6V6i6C9JxtaHWLW6oOeEPB6D6MlPQkBWfHflkp5SSfzO0wUol93aK9NRV9GMthIJZY4kn9cfpL4phZOC8RNT0ALWKrIdJrWJp13Mbf2A070i6OVfGI9HjUE3lmg5NdOdfRZq621791qfQlvw3EemzSqVfG03UOg9FfAMiBUrCkHsGcZKRd6q6wlldlo8aEhPURCctwD5RlyxxxhoLoOSVad9wChGgzwbr8oUF20xny5U6mjSL8KHiXQOz8vQH129aq4Qs4nQDsLJP4BBcmivj9kThPKZRM81ddRGhfwUIhExmg8yCq4WAoQReBR5o07BdZivePqW74utlC2Y36VDvMvJnmPLmXnAWG5bvv8CzC6Vf8TjfPXKBsuYPkKch8MdORpjmxWW92RpbLIqAFbc8GbX0V9i3WwSNVbas86CaY1lKJMloXxwDIuEEEWIAsAnnMxQUEt4CuqmecHD9faNXErBiojSQTgeFO5zsyE534rhg9Uqo4dmJFX23hVUbb9RZersN5xQaZ7q82Rx75TQKRSO9NJkZTcY8DrVJYLTXTk6WbD3gxU1pNQyAATAt5zBI0xrYjlVcF29RGc8d7aDU1bvB455aEGSEdkDwGzJlBSdh5mvdw87xkC9oHezmUr08MEFsdpOOi26noBAUJIs3kBs2P1oKtpTg3yJgXy4gAbDYMeTwXmAhX3jN5Iyz7rPa0yrY7weHHSGt7z04VAmTEGGJofivG8GHH7FODUvkMbOULOYHpkA30hNpw5VdeBUVIAKmvgGhsvcdjaUJvvNwNAVjGQxUssQb3BxyReQjJ2x3dsMJXzfKab4Q2BLv4BG7cdG4swnbyVfMn2vkCL5MX9CZLovQZbXcpDhRaF3IAivXk0iWMnJJxmJiKe8Kp6WOKeGUTJDt28qn9JjV63EDpnW9B5T1cQQW4wQYgtriCSFLBZGI3llsIiCkowmAmdwrJnp0RQjtJZelYV31hpu0H6k5CHGZUcqEzQFqHYUqX9LW5OY', 'mesmVzH1coHcjUDXttCUaBPByYnu3bsppVLlvsnIR5UaZx8t1LnbmdNUbapemSEMOp7jSv2JAWUzu22vNqH9Du4PEt40mINa8Vu0qwK0sEAXGDst49DIEHxiaBjxk6Hs1btsIetbS38zGA3KKGspn0HyB15W8NoaZSCH65SZ90yPBBAmi3LF3teFvkBE80O7TrO0xHZGIxwk97Gras7eWmTrGv5OwUWplKpSspzaX5v6ccynEFBA1v2I18xx3tXoenhGMRRJWmQ9yowd38O5DRNEZlc2O9r3xJKkAB4xYUHxidKmlyrZpfEpAQsp0UsxDcReOVMNQtk8H4v3DX23cGtNwVdxQF4tSWIHSuuIYORFTnIxkLAxr3kYZywPeAj6x2Opwi8v70a0nTxHE8f6cA5c8B1mcltJnh9UAipHiAIFtgn8oCeBcjNlUOH6aaQxsZs2hSKAssfWID47giItCvOxkwEuGu29uvcMnWmPpCM8fQfw9YZMuNjOjXj0sl9WQlIei44HGQPWH5sQ3rCxfWlzTFzl1JiR515n5a5M0UJHZcy3EbAU7Wt1B3mCMFuSGAgMKlzKgjsfv0iacT4jPxkrAH4nmyf39wPTRpE8I7oe8HokAsDqZYRAFVX2ud5DJVwBkbJ3i7hqOFKp7oP7mHH1CE47R9KB4hcpsWsL4JbSoWiwk7DHOkJrZNyQWis1AEr2BTOFCZy1WQxhXbYMvIduvLls4NuEsVH3OvJrvhtr81J5cISIq5dVRyoWmSAPOiTDNC5jUyL2Au8Mc0vD6IyYhXUEPvtENmhBZmVTUGWvb4io5N1cvAaNx5rnBU1ohi0gEVazC65NbnbhactGMDtkJVHkPIJ71KoGGzgiGl6RIh8TuCzhg3BZYjjN13V3NjKtT0LzmSq49zXEbxWrAxryQLmSOhWBBG4uGQ32Iu7S45xgCtIc19KRU7KIoGk0mpv3fz6Y4eR8jppVS78TgTLb0vUpcepzDUCTtJSxXKGg95c2ckWteHFedzDqO3ZrXClrleYiYFz8KLbX67qkP5z3FcttftVd5hEqvDJuiiD33O09WruLx3OcgiGwLBJQSoho20TliwomlpwhR02o4RBk9iRUUALMZ2b224nlBMHWcdd3efsi74Dgmubg5W35Ye71jvnUh5Qui3xxj0Qq4tHqYSH4PK9NZgPiMcd3i3yA758r', '2018-09-05 16:50:31', 0, '', '2018-09-03 16:43:53'),
(15, 'testsuga', 'testsugi@gmail.com', '98373692837', 'sugi', 'suganya', 1, 'user', '', '', '0000-00-00 00:00:00', 0, '', '2018-09-09 02:49:14'),
(16, 'testsugi', 'testsuga@gmail.com', '9995678439', 'suga', 'suganya', 1, 'Vendor Tracking', '', '', '0000-00-00 00:00:00', 0, '', '2018-09-09 02:52:20'),
(17, 'Booking', 'bookig@gml.com', '67676', 'booking', 'agent', 1, 'Booking Agent', '', '', '0000-00-00 00:00:00', 0, '', '2018-09-09 03:14:32'),
(18, 'suga', 'sugi@gmail.com', '', '', '4d351d116657da907a591661e2f18085', 1, 'user', 'zOYkenWe1YlQIcdMkLfuUoepitpAZYJzMHU15Qf6PAWxNaj8VzCQYQghjFRjEASqiMsnDHtsiqZ6AjewSRmRHC81iZlXzenS1QfExJ7Q96WKqbgj2DaKgiLyi7vSlTKmK00hJ78Te5DFgTYix93NsOmKVSDhMoDwoDN8LW201FFhzDA6NDTfsf0o8DFU1iqqWezIaBIbhntQ13XOHR3a73yfHe9Jxz9tNJbXkU9ChCtiGq7niaxpe6EVkNESmOlayx7TrgvJTY2zp9XHjv6yBKuWy9OVXa5vIcoatUTnSVXi4UZop6X1RrXpALkyVp3DCsN6mHufDryIlx7LE4MvvJU5vfDrFH4iaSpxATNdklWGT3rx7d2DXXIsdmTS4YbfRAMrtzFOVBuOEVmM9pp6m8zAustzqEOieBKIbpw610VGWhs5GRc3ZLDud74ELTW0uHIG6eN8eIOa0hgH8sL8dpDrwH5hB2i6J0MQeAYtjNEj4U1dmMlAbZ1HH7ZiahoUhbLwLKZ4xDoCypPVcbvnax4SF4aQlzKDKvawfaBNO0pmqfhCqMZBk4tZ8EPudA8Y5ivlt78h7yDxNU9eH9P2dj2mYRRcsZayiGTMN23UAGroBBCiKskYMmkKebWHb7fuN8gBbjvL0XaBzMUjefh0BCLQNHxZOMuCVKd64JS4H2GgPAz3PR4rtPihxQglDLYywbFAUxFBAlRpWrtLiydMov3VlkhY5fxBqcclKRWkdOK9gdUzL7laDo5YJmXOCuq2GCorulMH9wRpKLYwTkGxILvs8shKXHNEkb5OwRwGon6995F3plA875AgyS1wzOaU0fJx7fdwDkFMplPPGqYOwz54r6B1ULVV1Es8UGFx0kkqGagnAeb6OgbfnMhhxcdyRGHLmmjnHDOnN5KnjWu8dFoAsFS0R5zIMgu8DNwlqkJepuBJr6SEMgfeV7eNdOwZ408IOE3eZNtph59Jb1nXiDcdKr0YfxYjy62mL6BLT4bb9kUkmiiEVuSGVTEaqDuYJxkvDVhxZsI9MDt9WLNRfGybzdmZQRYAoj51fmyeOhnBVRLRDyJSfh4OuqOlhNVF61HlogAdyYOtPzls84lnmqcRR1c8O8OU9wgxMQKlPzOE997ietGBUSsLUFUINJDXfTv2KfnzPcdZmlhBPXcJQFuKkot8765nZAqJQNjG0xFmSWXI', 'UarLPWw9kZis6oP6ZgQQ39w4Gcqy9og4yIPoElyZlQrrfhxexn4BwBFcN6LWv204LQspc0oxRQZ67xlFVphs1XFP4rLztMEeD7EP82n0Tn61VrGQRYiTVYIZpuzThe7UlMKuP8uIvAJq2qhUozNkyvkXZTQg8YbtKVXz3riz22Z5sgZRQNboivlipcyxaK1VFZuJqNitPhyiyy9ollNER9WglvOvfPqUOVDfJVIydhRMQ1bbmYPd7MuthjZw8qrXm5c51VEedv13wcfTa57iRBM8ULF3c71yceDeaitnNurkGGdRMk9DWWMRHsUTzVsM960jotHcX9wDQJvC4Ef0A1RitMc3IEPSKPc9jUlg3RUTBpvF4KFFMxYgkbj2P8VAY7Kh15y5WtYyStdXeTC1qBhLMANCJIdHQXZS2xXZ1VxTpKRDDuE45WPRxDugmHYcEY4Gw1FxXdrmXi0BMFGSBvJ99epvVoIzmNgSPWpM9Q979aIVPoNrUxA4L0zGoigL5wEUt4GCVQJ40r0QQNhLlSP7TpOiH43NBHH4LoGHeqLeSL4JzmuUfk18KPqsUufvcXAYlhFAHqOzcTiLgNGv8HESx5krzAXLxxJTOotwPi51boMscsYkaCcIHx9h872FFMzua200k61wvOYHhX1szeahMkzUrCA6o9BzbBzwIA3dp1UGZW8zbiRXCqR42rbqBMZNozj6amkzofgnboXmHOjkebogDAHemH1KglRqHb06qguCFrZmfjGtu5K8Fsm29nNqIERqQRxh81UNsTaIdQbHWWPCocEyArYj6QJXHgeQi8DK2NsfEEXABNd0ZRyzjxSqnCo5TDVbMyWOmo3131CEOPEOHdo0Kgr7TPdMs8YeHU33j74m8H1XwGLdT9eEqFMjvZ6Y74cOZgSinXEvEGsameognCUNhG7NFeLNiYBheuzCre86UBhhPFxchs0z88nOm8BF7dXlHwY9L6gGHxYwcvJuXK46SrUfAvUHIR2qo1za7PROnPkAk44iO9oHAiWaORRxJUX7Vxi2n9RKYbkjgpB4y0M9jJj7AbFk6Cs19K4wTVhS7Bbo1MtzNfJ6Z2ezeTUkvmmF6rc0ntSv53T6QmGDCpKBsYbHR51nro3xPfxdJqIPtBWjYDXA2HbvFndxseVTDYrteZGYpoNSZJcYn9yqRKVx784zn0t1YUudUabj', '2018-09-09 04:46:40', 0, '', '2018-09-09 04:46:26'),
(19, 'Surya', 'surya@gmail.com', '', '', '5ebe2294ecd0e0f08eab7690d2a6ee69', 1, 'user', 'EvNRIfpbBCcC4In5D56RYs7A7oK0FuNkZBbIQAUrd64iPrnsxtjwWq63OR4ulROls03jBXLO4Q6TitlPXFlT6sXVk1pFTe0mf4GQ2sF6iLZAflqd0M76f41z6rf0GfmVk3LmvrtOcspsNPGNCNUSSVrYmGZ2WmYhpKDVb6Joz9QnZwaBk5tc0VbnCapzwoQW8uRjBBHbKxyJ4JloOPAOLLcnWCXs0Oo8igrUR85CGDlLmH9bwKZhwbFsNCVNqkWJAnEswK4dnqYK78VDTVVq7ASVcOJD9FnJ32czMhN9HMUPVQtOLoeSY7NbWxP5cdPff1P1iDb0p5PkVi8HHnAGvoSrVIx7VmnandcGQnGftwAoPJ6w6GdC4540NB8IXvTlJ52ztJPWfpl58rBf7PRcUVcIxkquQkQzqS9TBYPRnaWwBxLJmCWhy9Z5uqzkKqUai33U2TLq3HWEfHoCkkTStTXXjxi4XdfghjajcWKfDGUSnjuIDoA7hy5B5oF3BVkSevcrrWH4DCW0VrIzPjG7RMIXao0LklEzQQ0hNImqkjrfLaPAtvIkirisQjdaERKvIKNwt9WNtn3exSP1oxmGZE9PXm0BeK7XvUtY3qMwNPLlIAn77JO6nXWlkWWyH3wcYZb2qXydNjzwUWD1Gr83o5oI2lhJpNWnN7pd5YrTi1pcY3eEunITs7CusUdSIagvhGJnEbgXdGabJpQeMy8eFKI8EW0m6gSoWCMBO3z1JKdt93HVBQahASpfPpBWGulD77fVbOXUyaoId6DPWN6xGwMwVosCSOfZVuV6jS1S2qAgwe5t1c0IINeEbHg3vw3r0YykQAdT0N9x1f03s1MbO0PZH63dC7ED6cXWMaQMYZk0fl4HmQTbQIayPeLrlq5sC3ooefbdewduRicd85oZOzyDOk5aKaCme1LsgXFvtTZkbbykhXk5wSIlcOvWZ8jd94Gp2mVvgUPs6oMnl6sRZbdbZJ7ZRqc0vTqxfm3vhTXnhKLCReuQqH1pq9phABi6uJDK5HfmAdKRXvtPKXFaEHA5QZnrBGx5pbQvT5StjCkh8N6SLM3qtDvkDSLezjkYvauofmRzZcQ8ZX1LJ4bcIGwlziz8CT784CxkZpTYBK6BH8mqcxDVeagOsQW5K4eOHL8Ga2ELMLntTJU6hx1vHija8ggTluH2fQIqSmcE8z82i28z', 'za5hsorAEHuZbb1r2KRU63zfDHhWJqvjABA2Z2DEJ7EVjGnlqfgxiPMWw4Sfuoy4Z97ZbKDVRiQbYewptMWMBJI8OAniYWnX5uXhfAc7T3iShPhKCexeYfmMQK5OHtMNYJ4dkgkdjD5Bsnm5BTjA9GmZqsN8WAVUjZ7EfsRz6XbzkxEVqYwzESz5lmdhX8cg8kUoMMXTJ8s4G7065wGKpfQKC32zceQkyLIlyGfiPHmvPmCVSjFhzv2bz5LMjC7SnPeVwtdlbAR1WtWPMC7l89xHejuyVBrirGeXasjm2anZDjOqVVL35jLkCfTxQlQi15fbxyxAIVzmenMajyeoSZJufC26XSoYYEavcI6VDFiS343nDhLvhu0w72D4V13UFepSWwOAb6tfawCOOok5SkC0ng4jh8dXmDQj9ETlKnAVUcKIA4OtpruMHz6ZHkX4XNn7shscE28yfShQW5kmxO8enfe4zb8wZwErN6Es9M1oFifCozYVn7aLmpQWAZtAv72idGLmtMK840LszJoWQzIdYy9zxC92JclWS6jmS4vX4gqDZPAQoi3mQcWnP5qyhLvaSOxLS3IWj9zjY9amsdJiqFGfL6O3SjeK7MvZPeV8nvsmFCJ7Qtqg86wUdkY5DcQLYmKNAGWYcokR14ZRxp8GwEAJZyPCLFoK19yCPuA1TVTUZSMwhUcNyNxxmna72yR4HpHxUizNdsIdkuKCpWqYKYv6lGeof5tXvauqs4dGxWTSrDuQAVOkTkre1FDgL6eghJGJNUpkRjcjWH9wCYRwjjKkYoBJuP0LyHvlCVGueTNaAXHdVzJfSuzRSbBn0C9zkEVWzBrNveY5cGj7f2n7xXZp8AN9cWIwBDtafUYK9XQlD9tScQ0JOZ9WzW6MTOiusLFIGEsQBjbetF7Fw7pk7ygHvmtobLSDxxmebO4N8g1BW8hsgGMof35Kpy8Bj1fRzB6LqayyrA9nJqP07ComFt651fGlhWdQxjCXubwVMGjv69weLUAqnHvpWcLe8Y5GhHDMTaIFQ1bXaHbWBLnZsSpp5aDd9IUqqxdjIVYyW9v7RG3ssqsUjRkp2XDbGxC65PqNKplGzROqxST0jlUDde2fcFrSd3ZiSq5DPrkpi8PQ0JRk5LXi00ydF05T35bWvhzlJTK22AS3jJnovkHwkfJ0fPTjU5fqnPL6Iw8K61Np', '2018-09-09 05:24:51', 0, 'assets/images/upload/users/153647156011581661.jpeg', '2018-09-09 05:24:36'),
(20, 'sheik', 'sheik1@gmail.com', '', '', '827ccb0eea8a706c4c34a16891f84e7b', 1, 'user', 'h1vyPVdc8JruglwRoZYDGG2Pgp0rCJuUK0tAWGM4qeyGz5xX5wALdDBu2CVFlqz6r3GnJtsaH1Qg6oebVPX9szDvbzaw0KDrNjPxNiHujyLqXZCTOA2h9GMkfXRgHvIvPx2CQJ69iRAfRc8GMbXVRJg6G8noD5TtDW5tFcDY4deVpnBbyz7pjowZwToaYhDCeJ5UVIS0W6Wltxx27Frq3XqAROKQ6osk7xe3g64cd0yHy5JFKa5O8voZj9PqxhKFPZJ66NjjNR1lXK0HV6v4BU3V3TmBb7g1607cNrwBixXfiYXe4tiGnmCrgY2r6itcjBp62WIkuFAMEy1J2jpqG2RW1To7cRkvsJCuGkPa0qXEZYo1hNrXQiURbiYn9jSB3v6JPWTQnQvmOTn6HO4x7YojhnGqHz2K49tU5nLsdgP2ac9R1eo8dNrub8VTIXDN77IdutGIKvKUHULJ8aRmYjQasL3aJHYQOG4iaK0UfLOXFAGOKxaJR0TjMXuwEsns9rKjbKdqv1obC4ZmCa6tbZMXWhuAJR2SiNcuypU4rjf3nfqZpwsAwfysw23gU69cTlGsLBwcUMfh1GhrcK2IZAbwDeNylXKfirH33dfX0vf2cxtphv7h6jOKyBiTy38RuQVy4bv4HL6TjAiA6qScJGXhigbRjkJOaEmfPSjwEqpX0Hx68pjR6h8oxkgQEZEOD13sTnZxOovP63Vetf6zwfY3zeUdey2SA6kutk1iIx7PA243iaCOpBSYQMb4leWVkhpOBr6kYdaygeByoenOPfMF1YKncGiwYIkAaqU8E4HUjjtIxQwn6i27hNvttO0swk2GLXPq2wklQN3nDzLJSOR9BnD5bDxHYzoKxdazKuVAiYYWyJGqxxA8Vdd6RLNPlczSpJraenKwlIsUr8lZGV7B9lI06wQrIqj89Lio82UuKnpcwKbdGjPQExQL3HcL7wThibFreAWZYlcu5nHMHwCm4t77akThRMzaYeBdPxcNSoiYM0KuxmQBQYI0jBiboRln6WAWuMJnb1lX16rytiajhSkAuCLTu7gB3RxyEgWPihNkofTRx3bOWvpr8bkCiBdmsLU62QVk8JFxYypwCAkz6K0eVlRdW5zpQuvSlrdtaS19rqF400D7KElG0cTWitm8XR0ijeMu6NDydjCejgl4UHKUUDRc6dk45lmpA9TGWxfa', 'QRoa8Ke3sYYmCPyJ3TN9fayPjswg0LqQCP1KAfN2eLoQBXAFQnO5ynUSQr8QcyHOoIzYYn0c9o3LlDqc1fizDdrtEzkQ81EwKevICvVLUYwgBXsCdKcQXDkBdFsmG6Trlo9XT5JO3g4Fexiriuif8DRlijHZqAqMZAJSFtHIJLoXiGpBaIQjlIED2mDsX3fWDZPisw0cipaB5zcgh2zDLehNAUgxXwuAvjTXPUa7jkIoTUEbXeOJs5x30OBXk5yPorNemXmFh54b0JmYXbHpheth24em9NcyeZNBW9gdfkof3Ld1WUrd9UucYJy7wKGLKtmGDDUSXi714l21guepoJCmtau0VaLGE8mhLgaJziLDDOFTiUjGDV376x72ISIn14FMlPwU7hyK5dEn7X4LT8SZFZ1oSJMTOrG9hd4ouD9ARNYZL2KEaDDQDFfwp1qdt7nKks9O5ioW6mVRpGwAjaqXPGteIUsb1PWlh59noykvVfmkWTUg3ldS1H7JBzVCpSYHX84mGoRBEeWA7RQac43eLaYnKUZaMXRK5W6MlYoZckAjcqupvyDgJCDuwDEiBv3Hr9tM7SMkdmEpN9OiHszr4cVBQzUr5X9w6Cjeu6yIsd7gmWy3o7utkp4aZZC4WLB3oVhT1QBu3JKqFjt4rYxLoCWnBzsyl3BJYSC0JeuNXedCyHHZFfK4RHstgU1BXClWvYWfcr3aGgNeXudDJYIBFa4W46y2JUZfSVu5myf2O2hMwuqgs8R8iW5n2EqMyp1rlwwI4LLTN2Fkw6AZes8xoeVrTldrLeS6LpPPaAIYCoj9uU9JmihKwcbpyoRkDKqo9gejQXitlBCQvMzS4QCA3O0BcRWQBnfLDt4tqnXLZABvmbnq1Z15O2H0UDRw06hDzm70J4LIEne0yBrABtGpvnqq0hW0ndEXzLXjPJ2t7guFRWgtpWSVkjlkAhlYvZV4KTnACq4JGzpyvG1VDURXdciOuDM0DI4oBsZeS3YzCn78494H4VFi8X6CBTCfCHDeaCs3GrDjPLsTUwBZrghzeocQiP5UxJ8HmBL32omS9OL4lm3MDllSJyI1nOWUx5CUGnXJLkCV9nZuK2gnnCg7bY9yM5tka6eRtcBfwdaFB99lcqJA3ZHeYRNLWg57mkZQxB63OhJqrTLDkvenvWBtNpeKFkR2FRTcsZfhgZHHStld', '2018-09-09 05:43:40', 0, 'assets/images/upload/users/1536473667IMG-20180905-WA0016.jpg', '2018-09-09 05:42:38'),
(21, 'Aravind', 'BATest@gmail.com', '8086881125', 'BA_Aravind', 'test123', 1, 'Booking Agent', '', '', '0000-00-00 00:00:00', 0, '', '2018-09-09 11:19:33'),
(22, 'Aravind', 'VTTest@gmail.com', '8086881125', 'VT_Aravind', 'test123', 1, 'Vendor Tracking', '', '', '0000-00-00 00:00:00', 0, '', '2018-09-09 11:26:18'),
(23, 'Sheik', 'uka.sheikabdullah@gmail.com', '984635241', 'sheik', '12345', 1, 'user', '', '', '0000-00-00 00:00:00', 0, '', '2018-09-10 05:08:33'),
(24, 'Aravind', 'test@gmail.com', '', '', 'ceb6c970658f31504a901b89dcd3e461', 1, 'user', 'k5PgKg7YbwsIyxPGptOBcuNMwnGZS0fc55tQlAOx6hfEO5leyaPLFCxb0dbTeq6jvzaR9YpgfFU3Lgikr756KCiKQuE4VKnrjxitwIJLnEP8U7smfxtZaMK0go4b9sCs0VWwDFi0j89efCAv93vkQfk6EohNRTgRPcnsSGtbODq4f0zp44JUk31ZsiNjc3a2gyu8eYk2BK6QLGfQKYL52M4u5ROiVZkcxPlLNFOoqVebBu1ltNrvzv0FnPXjOivl7Q7UwWjWRy7s29OwXf2xL2c9SasGsY2AOavl6PhXnpqqyeWwtY3f1foTpQASODtDNYYTNgRbFhBevyKZwNey2Dsst2liFPWsOVmCbeNQvo51WP1tCg1FTt8nwuGbjCE7y1JJfwALVFNSuOm75nNYRWlnq2zJEeRcgAWw7wh3c5VHUiOZFCYxykVYmvI0KAd0a9wiGOlSThzOAoNf0MNz6IxsegtYQHY1QvkxjGpdXZ2xnPNoCBXIkvayLEwCluDc0XJjD9xB9z9xpXV1yTJToUrazXMUsq7soQM20jE9TOHiMCjlw3eUYF5xDSr5jzyHpkKqEpAxdhP0U9lqdzlbfqISjaYCJwk9R4Avua3HsTHm23NfC9qRz9KTkIv4fPd6UNCoYF6qyONBRBQuKhlkr6dLOJP3y3atRMRPsXg1M4CDGt7qKtLczZXoINrhRCKIoByRzOSlTuZzX60IAMU9LSxuGZLxBwf08ORHDJ3we36ca7UKTPUFIsaorVW3sc4A0ViDFm9Tpg5zn0khQfWyH6X92Tcv6g56cnJRKTL99QJxR4OHjKg0Re9U8mpeDukQS4HCXtM7kvEbAsTTd9T4o3ZwqoK4T5UM9Cp75bepHSBhkuaxE4C27Czy0jCUpxHy96FfhTEYMff6KqEpuhrCT1aUkNPKkwiuCYJTSoSED8KoypN2GfFzgPuBDjlYPEsrCbluze8dmTCVjpXZFDzVt3x6mT4cxxE9IZEieNwAG8wZyuZd7y9ACHGZALb7iPh1PVj3IQEpYapwEoKLXUlAB2zbOKi6Az7pvrteh7Dgi3MWsxIpr4027zdVkw1V69kBAOPSVt8ewUbYsToTYoW5Y91jG2eMcznMndEjGNxdIIbaCA3AZZGX9HhPKwCW50JtdoNUbk7T3j3FT7gS7WQhE87oEJlKJ4dXt1RFlZyojC4dKk5S', 'gW9U4gjJ0EtKJHHdIzS4zrsS3x5ORbG88Q2c7mV71pRL6zYO9RTIilBmTGaKSQS0HVdOh9VjyN4Em3tvUmecIPyBwJloAeph9C5rL1KkOPYbSsHMPVZxLy9hhuGSJ59SIfkug5O5UNgMfYz4UyCF7LWogChZIqSrGdVWiK2dxjZNhzSb8uQfgNEwqVw9mpA2CvYVf08Nj7ABHsNPWD4crIJRDf1ZEB1h60cm1k9lsJW9bJY8n3lPL4HpkIoZjqgqrtMtNVOgFLqRvpZTslIepqDK82Jst0SUtFnhBcxgXY7tn7mPt53SwHDEJm7dmZ7QEv7gIFwFDE90MwQfCU88CLMm8TzuTHlycsOU8lALZKMMgD1Sxa09VNv4H5yAMU9ZmXTuiugie35vG6oehpndcThUYQvLKEK7CDCU8SdnViSBphPGGdUS7bN62iRMWBUyfwtooHLkZEWoWM5CZ0v7cideA51wHV5WrzlQg7afL7EHTKkSKP0X7dbHjce07kXzTip9pApbH4TAPdtA2tx9HIR0V502qXCjf1tFBTQjXJTNWmnZPU9xD0xy6xBwvdQKejqQcgaaZ3XWqkVgf4NS5krbS2Infy8uSyl4PvfOzdLZyHfNM3GRn73g9LDpjMUbkgg9LwYlJKkhrA4dEK51S8h2TVsdHmp2CFcobbKVV5cmFgAj1FlUODWIzoVgLkjo0vMcHw7CCjZiAzCCfXw3BtMaRHrD2K12gNfXkmzXGzfg8RToOpsqTeAKW1nYMp12cg0xDzuj9KAhBtGpT9QMnqxjsViekkgxAg5eQAyZk8hVCYlv7biuCPO4L7i5rzD2QIgGjOGDXYyzWU546nzIdnMZv44WDIZuqgbK4Rn2QWBNQHRW5qFjOrijvng95gDwwOgAGEDxAekrWbo1B3kpuDJ000a6gOCMDTnkx0R8fbzbmYdY1yowb8xc8IiowVbaPyunzlvOx50U3dS5MhCYp9axRtWoo8yeH3Bgo75Wc5QgjJl50X4p7eXZHUn63WlKZW0n35jgbawuTSATQEjXThWBcjIff3Ze0ZC35Wkg6RLZJmTz1dwUutvGNdV3gVigVVk0RFhYw2YfoRPp4mkzPQfD3bGk7ZB2UW2LCjJ8mIoLzdaEAvdqlt3pFKJMJlODiRpUa92xRrirFt5fYjFjNJIttsfdO4Q6Vg06p3DguVIaoNpn', '2018-09-11 02:38:51', 0, '', '2018-09-11 02:38:26'),
(25, 'Aravind', 'test123@gmail.com', '123456789', 'Aravind_Admin', 'test123', 1, 'admin', '', '', '0000-00-00 00:00:00', 0, '', '2018-09-11 07:16:18'),
(26, 'suganya', 'sugi80@gmail.com', '', '', '4d351d116657da907a591661e2f18085', 1, 'user', '8KfoZi9EYEVnwvY6FAbAy4ARbJ9hKzSSj7gjqqXp5TMBpLI4mTEUYfL9YVrIujBOqS7Rj5goY30nOIraC64BlQLkLc2gvE4WxcNRh4gf7gDVZ55Cb9exZZRLcU1Hz6E6isYzwePDusyuyE6JOlhOk9Aw3BeDISK1kIBRWqurT3VrH2bwntkICUfGwtjfm3gHLSyIj29d65EO7QkvkFeWAtD6WWmj0D0MvyuPBD2IJGwRxRmRwBO74rd1oAkodkaJTEyuiAc2hJTPAgG7RveVWsWk2gJgBTZuyyZR8bTqVMfv3WDUrRQokNJm4sDFmC9Ub9MjlFKgsZMwVpqnhhMB4vY9YBOkeYfp71IsHtJasvGoU7McoyNt4LC2nrnBpD0xEJ0mcJwEed39kPlJo9ctVOvigTTFwTdbDdyPW5uaiykCoGlMPyfLnL3DFXjbRwnuJVkF0OQjmbVLRhxHQNsdzwRetaqkGNPpJ95KXW3k7Y5YgDG6r8k0Fbe8mFt2tiscryWpuZJBYPAftgmUpHU4S9cfPGhiYKupirONryppoZFRg1LFIGJBQWQFC8YBTs0cUPZlooKMoqDErpj963LW0CCDKAeD3fQX4Pjte3fCtThViB5oEQlFsYidzwRCLHAQxTjMXzorsGnLhsaVjvAMtTZ3pRFbyg269lS7VhznXW8eoiaHOLuiEtl3k1fThh0rDSzy98W645ltovbcgFvU9RYuSdnavnB8gaHpjDwnIRR7m2kDHPyQGwkzKIJg6lomw6MPJidsa4zx6UaNJJEqgYZ0HJhN4G9AMWpveCYpHyWNs7BcQfC6dC7UmoIq4S1QOqm33lsKToymw9ymobtCOAxaYfB37CUV3hY7CqSwPqSlArIYDbArL8CKneNuQIqUZo2BPU7El00VsIU5UuxFCaq0odvfWVaVkcw96EOsFPn7yhdsML7pVxqkLVAHQKCaW9k3N9vtYTBwbOYYA5ovDOQoJq6AaJL7S6bGfG9dALJMzHKaN9GqXwPHXWi8F4fyaqep7oCI9luJ3fTRozhm67334mbKqriASwZ0VCI5XdO1tISRiaeoiismEE645pFYWFYRhHXeVLgou8gMiubBMDXrh4wntbmqQkh72emX0ClvLCi46tFT7DkpIQNb19BStTZw8mt9ZPEKrWOyqurx7LXPBK1DTDvnwvTFSnORdsCFpqeP', 'VFm2rkR34THYwdl3IfIBDwsRY5wnvKdrqAtRUlVZeCXKPjNyzv9d2C41HBpdmCEMc8E6tz5Hc3s1mgAVMK8OmdP4OeiaRXX35BaybggnkJpGZ0CLKLA7YqbNFuXwrUAwwL5H2l5m5v34vFQgrrnqRzdw3a3u5E1Bp6jsspOxVSCrytHZU4pMECiHNmcS0euqlOSNdHl9zXA7rh7lmx709qIXMVPNakdv86imNEvnC5v3nCoKawLjXugKq6xAqL5zSoVG2r3ExzHUc6FmDqGAUWkk3SUuD04wo0cqrg4YPMT1SzovZ46U1qf4iazWaDsyDEZ5U44KQYLJx9fxelrfLHk4RT02xtBa7Af2FkMviyfPHumWQObCvvGnpHpWa06hBmjgG6MZE1Omwbim0tYvZETolikvjrNUO7budXuSYieuuwRu0P0ZuToQbImva9pYhBsvyXnxfB2K8Te9Je9d7x3jgpOqzeoRPRmoOJV3lXNuR2DAgMOojRHzhwZRKnIAe5Y2OU6aRUEJWhjd47BnZjXhPW9zkRazW8CL2IWUDBDASXNX5pk4Ihmxev6ymg8jpK5st2m6D0GwXtt2TO6B5t8kYfTlw1FVLLneNKlqK1XHvqKoeRZkk8FinyDTAjPl4dARYWiIXfqtGaSV1Sfl0VEothi3A7pFl0wjWP1U4snLCfGD8WZ8RDwlVOowWObiPIBLxDGB53nIj3mr0lARZ6cVVBrSpDaelL0SpGuuKRd4VzwVV6NUdZP9Bh11VbggWg9lXDQHv3MrDimyoatC9jLLAMMvX2MUjVggz6Y5aKwO2Tmr4Q4e9PZKCLgzN2u6YKnyRlD25aQ84dA83EmcumW67cGVfa2dVqLMLpORAF0FSAOVfa8Jx4QEhxAxHDKC3wpOWdGxSGcLh0HwbPgIU7nbEYImBtYE0ntXB9uuQHg7HXETMVBG2ZSGXB2y51d6pG30QyvGfLNXIsQvnrcpr46oG9WLa9SAQWBGv6nKSbIBDy600iprnwP3FMPQWIqNE1u98RU12CCFbIGb16DoCtshgh8cZy0EAuNJlHKokm3v5KG6QjvsNXK3eSgergS1KGL6nwuHTycYiT58dAA0yk3Ncj1EAUGkArrXXVFQtSPLLVUYwuZ4P2R2mSGWNmhnOIlME0D7SsTEoODUjCY8FPb1ISYwfgT3ZePDfsL8VFMjtpdM', '2018-09-11 16:32:31', 0, '', '2018-09-11 16:32:09');

-- --------------------------------------------------------

--
-- Table structure for table `vendors`
--

CREATE TABLE `vendors` (
  `vid` int(11) NOT NULL,
  `company_name` varchar(255) NOT NULL,
  `comany_address` varchar(500) NOT NULL,
  `pincode` varchar(255) NOT NULL,
  `telephone_no` varchar(100) NOT NULL,
  `fax_no` varchar(100) NOT NULL,
  `email` varchar(100) NOT NULL,
  `web` varchar(255) NOT NULL,
  `name_representative` varchar(255) NOT NULL,
  `email_crepresentative` varchar(255) NOT NULL,
  `pan_card` varchar(255) NOT NULL,
  `title_designation` varchar(255) NOT NULL,
  `direct_no` varchar(255) NOT NULL,
  `mobile_no` varchar(255) NOT NULL,
  `date_cestablished` varchar(255) NOT NULL,
  `cross_annual` varchar(255) NOT NULL,
  `bank_name` varchar(255) NOT NULL,
  `bank_account_no` varchar(200) NOT NULL,
  `ifsc_code` varchar(200) NOT NULL,
  `bank_account_type` varchar(200) NOT NULL,
  `bank_address` varchar(255) NOT NULL,
  `created_at` datetime NOT NULL DEFAULT CURRENT_TIMESTAMP,
  `updated_at` datetime NOT NULL
) ENGINE=InnoDB DEFAULT CHARSET=latin1;

--
-- Dumping data for table `vendors`
--

INSERT INTO `vendors` (`vid`, `company_name`, `comany_address`, `pincode`, `telephone_no`, `fax_no`, `email`, `web`, `name_representative`, `email_crepresentative`, `pan_card`, `title_designation`, `direct_no`, `mobile_no`, `date_cestablished`, `cross_annual`, `bank_name`, `bank_account_no`, `ifsc_code`, `bank_account_type`, `bank_address`, `created_at`, `updated_at`) VALUES
(9, 'TER', 'TERT', 'TERT', 'TRE', 'TERT', 'uka.sheikabdullah@gmail.com', 'macnus.com', 'TRE', 'TER', '', 'TER', 'TER', 'saS', 'SAs', '12', 'HDFC', '', '', '', 'Technopark', '2018-08-11 21:59:58', '0000-00-00 00:00:00'),
(10, 'TestAravind', 'TestAravind', '695025', '1111111111', '1111111111', 'aravind.mohan82@yahoo.com', 'www.google.com', 'TestAravind', 'aravind.mohan82@yahoo.com', 'AAAAA1111A', 'TestAravind', '1111111111', '1111111111', '01.01.1984', '1111111111', 'TestAravind', '', '', '', 'TestAravind', '2018-08-30 10:55:05', '0000-00-00 00:00:00'),
(11, 'JHJHJH43434', 'KHJHJHJ', '6200018JHJK', '6768787989', '45454675677668UUIIU', 'TEST12@GMAIL.COM', 'SDSDSDSDS.COM', 'TEST', 'TEST@GMAIL.COM', '5675767OIOIOI', 'YUYUYUYSSS', 'ss', '7687878790990', 'KJHJHJH', 'ss', 'ssSYNDICATE', '', '', '', 'ss', '2018-08-30 17:01:36', '0000-00-00 00:00:00'),
(12, 'vendorsuga', 'periyar nagar,trichy', '620018', '04322-345353', '12345', 'vendorsuga@gmail.com', 'vendor.com', 'sify', 'sify@gmail.com', 'GFGFHH123456', 'SERVICE', '017283', '9876543212', '1998', '3 year', 'syndicate bank', '989898934837', 'SYN76543', 'saving', 'trichy', '2018-09-09 03:06:00', '0000-00-00 00:00:00');

--
-- Indexes for dumped tables
--

--
-- Indexes for table `booking`
--
ALTER TABLE `booking`
  ADD PRIMARY KEY (`booking_id`);

--
-- Indexes for table `cities`
--
ALTER TABLE `cities`
  ADD PRIMARY KEY (`city_id`);

--
-- Indexes for table `contact_us`
--
ALTER TABLE `contact_us`
  ADD PRIMARY KEY (`id`);

--
-- Indexes for table `employee_details`
--
ALTER TABLE `employee_details`
  ADD PRIMARY KEY (`eid`);

--
-- Indexes for table `services`
--
ALTER TABLE `services`
  ADD PRIMARY KEY (`sid`);

--
-- Indexes for table `service_categories`
--
ALTER TABLE `service_categories`
  ADD PRIMARY KEY (`sc_id`);

--
-- Indexes for table `service_main_categories`
--
ALTER TABLE `service_main_categories`
  ADD PRIMARY KEY (`smc_id`);

--
-- Indexes for table `service_providers`
--
ALTER TABLE `service_providers`
  ADD PRIMARY KEY (`spid`);

--
-- Indexes for table `service_providers-old`
--
ALTER TABLE `service_providers-old`
  ADD PRIMARY KEY (`spid`);

--
-- Indexes for table `settings`
--
ALTER TABLE `settings`
  ADD PRIMARY KEY (`st_id`);

--
-- Indexes for table `time_slot`
--
ALTER TABLE `time_slot`
  ADD PRIMARY KEY (`ts_id`);

--
-- Indexes for table `users`
--
ALTER TABLE `users`
  ADD PRIMARY KEY (`user_id`);

--
-- Indexes for table `vendors`
--
ALTER TABLE `vendors`
  ADD PRIMARY KEY (`vid`);

--
-- AUTO_INCREMENT for dumped tables
--

--
-- AUTO_INCREMENT for table `booking`
--
ALTER TABLE `booking`
  MODIFY `booking_id` int(11) NOT NULL AUTO_INCREMENT, AUTO_INCREMENT=18;

--
-- AUTO_INCREMENT for table `cities`
--
ALTER TABLE `cities`
  MODIFY `city_id` int(11) NOT NULL AUTO_INCREMENT, AUTO_INCREMENT=1624;

--
-- AUTO_INCREMENT for table `contact_us`
--
ALTER TABLE `contact_us`
  MODIFY `id` int(150) NOT NULL AUTO_INCREMENT, AUTO_INCREMENT=8;

--
-- AUTO_INCREMENT for table `employee_details`
--
ALTER TABLE `employee_details`
  MODIFY `eid` int(11) NOT NULL AUTO_INCREMENT, AUTO_INCREMENT=6;

--
-- AUTO_INCREMENT for table `services`
--
ALTER TABLE `services`
  MODIFY `sid` int(11) NOT NULL AUTO_INCREMENT, AUTO_INCREMENT=119;

--
-- AUTO_INCREMENT for table `service_categories`
--
ALTER TABLE `service_categories`
  MODIFY `sc_id` int(11) NOT NULL AUTO_INCREMENT, AUTO_INCREMENT=11;

--
-- AUTO_INCREMENT for table `service_main_categories`
--
ALTER TABLE `service_main_categories`
  MODIFY `smc_id` int(11) NOT NULL AUTO_INCREMENT, AUTO_INCREMENT=3;

--
-- AUTO_INCREMENT for table `service_providers`
--
ALTER TABLE `service_providers`
  MODIFY `spid` int(11) NOT NULL AUTO_INCREMENT, AUTO_INCREMENT=41;

--
-- AUTO_INCREMENT for table `service_providers-old`
--
ALTER TABLE `service_providers-old`
  MODIFY `spid` int(11) NOT NULL AUTO_INCREMENT, AUTO_INCREMENT=32;

--
-- AUTO_INCREMENT for table `settings`
--
ALTER TABLE `settings`
  MODIFY `st_id` int(11) NOT NULL AUTO_INCREMENT, AUTO_INCREMENT=2;

--
-- AUTO_INCREMENT for table `time_slot`
--
ALTER TABLE `time_slot`
  MODIFY `ts_id` int(11) NOT NULL AUTO_INCREMENT, AUTO_INCREMENT=7;

--
-- AUTO_INCREMENT for table `users`
--
ALTER TABLE `users`
  MODIFY `user_id` int(150) NOT NULL AUTO_INCREMENT, AUTO_INCREMENT=27;

--
-- AUTO_INCREMENT for table `vendors`
--
ALTER TABLE `vendors`
  MODIFY `vid` int(11) NOT NULL AUTO_INCREMENT, AUTO_INCREMENT=13;
COMMIT;

/*!40101 SET CHARACTER_SET_CLIENT=@OLD_CHARACTER_SET_CLIENT */;
/*!40101 SET CHARACTER_SET_RESULTS=@OLD_CHARACTER_SET_RESULTS */;
/*!40101 SET COLLATION_CONNECTION=@OLD_COLLATION_CONNECTION */;
